"dv","weather_spec","term","full_estimate","full_p","est_min","est_max","p_max","p_min","sig_flips","match_max_change"
"centralizacao_grau","Ta_RH_Rad","RAD_cen",-0.0058342575030986,0.839999146455853,-0.0155112336633773,0.00172481830496815,0.994163941436566,0.601450717710234,0,"89"
"centralizacao_grau","Ta_RH_Rad","RH_cen",0.00408572746113306,0.221752547566435,0.00284355768898152,0.00559317261411429,0.406468863374896,0.101234940809331,0,"41"
"centralizacao_grau","Ta_RH_Rad","Ta_cen",0.00262994067298216,0.801918620772699,-0.000917856174303796,0.00958525732533826,0.992992956448519,0.38701207630698,0,"82"
"centralizacao_grau","WBGT","WBGT_cen",0.00476289464617048,0.68257807631572,0.00103294486569878,0.0125251581782138,0.930469522915822,0.304240770594963,0,"82"
"clustering_rede_ponderado","Ta_RH_Rad","RAD_cen",-0.000142630032026392,0.949903831620059,-0.000785576542769127,0.000803603843878446,0.99173764164413,0.727232959167082,0,"8"
"clustering_rede_ponderado","Ta_RH_Rad","RH_cen",-6.82186213475878e-05,0.791809914661334,-0.000148787592416509,1.81007197542273e-05,0.992384482731835,0.576198273539979,0,"48"
"clustering_rede_ponderado","Ta_RH_Rad","Ta_cen",0.00305770248696155,0.000270218418641457,0.00274397645354315,0.00330921991462509,0.00205698326609489,7.15854453345853e-05,0,"82"
"clustering_rede_ponderado","WBGT","WBGT_cen",0.00335964775601136,0.000339362644092432,0.00298554752883097,0.00362578558120648,0.00244366104323482,0.00010786005956306,0,"82"
"densidade_ponderada","Ta_RH_Rad","RAD_cen",-0.00667744457913021,0.916059351922602,-0.0381990474831081,0.00899114902327892,0.978134253491619,0.56017687782083,0,"89"
"densidade_ponderada","Ta_RH_Rad","RH_cen",0.00464701564123056,0.522136429553747,0.00099169565543069,0.00820116962602099,0.896203629482568,0.278855992117953,0,"89"
"densidade_ponderada","Ta_RH_Rad","Ta_cen",0.0205497067946109,0.374555229381662,0.0137173965703355,0.0358452388532477,0.557680431746813,0.1374371227587,0,"82"
"densidade_ponderada","WBGT","WBGT_cen",0.026518817965451,0.298473915829526,0.0177837208161359,0.0425578631808502,0.492696985939294,0.106859956268667,0,"82"
"distancia_media_ponderada","Ta_RH_Rad","RAD_cen",-0.00488188796181684,0.792396086862689,-0.0110186671623673,0.00821766824090644,0.999775529300227,0.562957856892504,0,"89"
"distancia_media_ponderada","Ta_RH_Rad","RH_cen",-0.00072723604222666,0.727205168298417,-0.00141282385637749,0.000548966571854779,0.949952352341573,0.515833367755409,0,"89"
"distancia_media_ponderada","Ta_RH_Rad","Ta_cen",-0.00883518979066177,0.195788729987975,-0.0153344682753188,-0.00524616000905172,0.431422713614254,0.0288689761510324,1,"89"
"distancia_media_ponderada","WBGT","WBGT_cen",-0.0112759427730465,0.131130666330611,-0.0164171830217127,-0.00761007046333759,0.29621176666902,0.0305133167724064,2,"89"
