jogo,time,adversario,lado,posse_pct,posse_em_disputa_pct,gols,xg,finalizacoes,finalizacoes_no_alvo,passes_total,passes_completos,acerto_passe_pct,line_breaks_completos,line_breaks_defensivos,recepcoes_ultimo_terco,cruzamentos,progressoes_bola,pressoes_defensivas,pressoes_diretas,recuperacoes_forcadas,segundas_bolas,distancia_total_km,distancia_zona4_km,arquivo,erro
1,Mexico,South Africa,esquerda,57.1,6.8,2.0,1.78,16.0,4.0,547.0,495.0,90.0,105.0,10.0,117.0,13.0,23.0,170.0,26.0,31.0,56.0,107.3,5.3,PMSR-M01 MEX V RSA.pdf,
1,South Africa,Mexico,direita,36.1,6.8,0.0,0.1,3.0,2.0,351.0,290.0,83.0,57.0,3.0,36.0,8.0,8.0,306.0,45.0,32.0,45.0,97.1,5.1,PMSR-M01 MEX V RSA.pdf,
2,Korea Republic,Czechia,esquerda,55.8,10.1,2.0,1.77,15.0,6.0,542.0,483.0,89.0,92.0,10.0,125.0,17.0,27.0,147.0,22.0,30.0,49.0,111.8,5.4,PMSR-M02 KOR V CZE .pdf,
2,Czechia,Korea Republic,direita,34.2,10.1,1.0,0.64,7.0,4.0,327.0,241.0,74.0,54.0,5.0,77.0,15.0,10.0,301.0,54.0,40.0,78.0,117.6,6.0,PMSR-M02 KOR V CZE .pdf,
3,Canada,Bosnia and Herzegovina,esquerda,52.8,17.3,1.0,1.49,13.0,4.0,412.0,316.0,77.0,84.0,16.0,143.0,30.0,30.0,160.0,38.0,50.0,94.0,111.3,5.8,PMSR-M03-CAN-V-BIH.pdf,
3,Bosnia and Herzegovina,Canada,direita,29.9,17.3,1.0,0.76,8.0,3.0,279.0,186.0,67.0,61.0,4.0,51.0,8.0,22.0,203.0,35.0,51.0,79.0,109.5,5.2,PMSR-M03-CAN-V-BIH.pdf,
4,USA,Paraguay,esquerda,59.5,11.8,4.0,1.88,16.0,6.0,602.0,520.0,86.0,129.0,25.0,201.0,23.0,52.0,204.0,39.0,50.0,101.0,119.9,6.2,PMSR-M04-USA-V-PAR.pdf,
4,Paraguay,USA,direita,28.7,11.8,1.0,0.6,9.0,1.0,316.0,234.0,74.0,53.0,3.0,31.0,5.0,17.0,360.0,75.0,49.0,55.0,114.3,6.1,PMSR-M04-USA-V-PAR.pdf,
5,Haiti,Scotland,esquerda,51.6,7.9,0.0,0.7,15.0,2.0,431.0,378.0,88.0,84.0,4.0,116.0,26.0,24.0,185.0,35.0,29.0,53.0,113.7,5.9,PMSR-M05-HAI-V-SCO.pdf,
5,Scotland,Haiti,direita,40.5,7.9,1.0,0.91,9.0,2.0,397.0,324.0,82.0,86.0,6.0,77.0,16.0,21.0,230.0,39.0,35.0,52.0,117.6,5.9,PMSR-M05-HAI-V-SCO.pdf,
6,Australia,Türkiye,esquerda,27.0,10.1,2.0,0.99,9.0,4.0,293.0,224.0,76.0,56.0,10.0,68.0,14.0,22.0,384.0,57.0,35.0,62.0,116.6,5.6,PMSR-M06-AUS-V-TUR.pdf,
6,Türkiye,Australia,direita,62.9,10.1,0.0,1.66,30.0,7.0,722.0,663.0,92.0,132.0,15.0,348.0,28.0,38.0,170.0,31.0,30.0,87.0,112.5,5.1,PMSR-M06-AUS-V-TUR.pdf,
7,Brazil,Morocco,esquerda,46.7,8.1,1.0,0.99,12.0,5.0,514.0,457.0,89.0,89.0,11.0,100.0,19.0,30.0,315.0,54.0,41.0,56.0,113.7,6.8,PMSR-M07-BRA-V-MAR.pdf,
7,Morocco,Brazil,direita,45.2,8.1,1.0,1.33,14.0,3.0,503.0,431.0,86.0,81.0,5.0,149.0,14.0,49.0,285.0,41.0,50.0,79.0,114.9,6.5,PMSR-M07-BRA-V-MAR.pdf,
8,Qatar,Switzerland,esquerda,28.8,12.5,1.0,0.52,6.0,3.0,289.0,213.0,74.0,58.0,2.0,41.0,8.0,13.0,294.0,42.0,36.0,53.0,109.2,4.8,PMSR-M08-QAT-V-SUI.pdf,
8,Switzerland,Qatar,direita,58.7,12.5,1.0,3.14,26.0,7.0,591.0,542.0,92.0,122.0,17.0,245.0,34.0,31.0,165.0,33.0,42.0,70.0,109.4,5.6,PMSR-M08-QAT-V-SUI.pdf,
9,Côte d'Ivoire,Ecuador,esquerda,41.9,8.2,1.0,1.88,15.0,4.0,471.0,413.0,88.0,113.0,11.0,120.0,15.0,39.0,288.0,31.0,44.0,63.0,109.6,5.8,PMSR-M09-CIV-V-ECU.pdf,
9,Ecuador,Côte d'Ivoire,direita,49.9,8.2,0.0,1.36,12.0,1.0,513.0,438.0,85.0,106.0,8.0,97.0,14.0,16.0,280.0,61.0,49.0,60.0,108.4,5.7,PMSR-M09-CIV-V-ECU.pdf,
10,,,,,,,,,,,,,,,,,,,,,,,,PMSR-M10-GER-V-CUW.pdf,pagina 'Key Statistics' nao encontrada (PDF so imagem?)
11,Netherlands,Japan,esquerda,54.9,7.7,2.0,0.63,10.0,6.0,529.0,473.0,89.0,88.0,13.0,156.0,23.0,23.0,194.0,30.0,33.0,49.0,102.9,4.6,PMSR-M11-NED-V-JPN.pdf,
11,Japan,Netherlands,direita,37.4,7.7,2.0,0.34,9.0,2.0,356.0,302.0,85.0,72.0,13.0,120.0,24.0,21.0,316.0,46.0,28.0,50.0,109.4,5.1,PMSR-M11-NED-V-JPN.pdf,
12,Sweden,Tunisia,esquerda,47.4,9.9,5.0,2.09,13.0,7.0,356.0,290.0,81.0,71.0,13.0,103.0,12.0,26.0,172.0,44.0,42.0,69.0,111.3,5.1,PMSR-M12-SWE-V-TUN.pdf,
12,Tunisia,Sweden,direita,42.7,9.9,1.0,0.34,6.0,2.0,370.0,299.0,81.0,76.0,5.0,84.0,13.0,19.0,223.0,45.0,41.0,67.0,109.7,5.9,PMSR-M12-SWE-V-TUN.pdf,
13,Saudi Arabia,Uruguay,esquerda,27.1,9.6,1.0,1.06,7.0,3.0,331.0,243.0,73.0,54.0,3.0,60.0,6.0,13.0,318.0,40.0,44.0,58.0,109.5,4.7,PMSR-M13-KSA-V-URU.pdf,
13,Uruguay,Saudi Arabia,direita,63.3,9.6,1.0,1.5,27.0,10.0,623.0,566.0,91.0,128.0,16.0,222.0,42.0,32.0,157.0,23.0,39.0,67.0,110.9,5.2,PMSR-M13-KSA-V-URU.pdf,
14,Spain,Cabo Verde,esquerda,65.7,8.9,0.0,2.26,27.0,7.0,811.0,755.0,93.0,144.0,28.0,426.0,39.0,23.0,200.0,37.0,53.0,83.0,115.5,5.0,PMSR-M14-ESP-V-CPV.pdf,
14,Cabo Verde,Spain,direita,25.4,8.9,0.0,0.13,6.0,1.0,306.0,227.0,74.0,57.0,1.0,17.0,3.0,23.0,398.0,44.0,47.0,54.0,112.4,4.2,PMSR-M14-ESP-V-CPV.pdf,
15,IR Iran,New Zealand,esquerda,43.3,11.4,2.0,1.85,17.0,4.0,417.0,333.0,80.0,75.0,15.0,98.0,18.0,31.0,253.0,54.0,46.0,83.0,113.0,6.1,PMSR-M15-IRN-V-NZL.pdf,
15,New Zealand,IR Iran,direita,45.3,11.4,2.0,1.47,14.0,8.0,448.0,378.0,84.0,89.0,3.0,104.0,11.0,22.0,234.0,42.0,47.0,67.0,112.9,6.6,PMSR-M15-IRN-V-NZL.pdf,
16,Belgium,Egypt,esquerda,45.5,16.4,1.0,1.07,15.0,4.0,476.0,415.0,87.0,106.0,14.0,181.0,15.0,36.0,227.0,44.0,41.0,70.0,113.3,6.3,PMSR-M16-BEL-V-EGY.pdf,
16,Egypt,Belgium,direita,38.1,16.4,1.0,0.73,14.0,3.0,411.0,339.0,82.0,78.0,11.0,96.0,17.0,22.0,258.0,68.0,52.0,66.0,111.3,6.2,PMSR-M16-BEL-V-EGY.pdf,
17,France,Senegal,esquerda,49.4,6.2,3.0,1.62,11.0,8.0,584.0,516.0,88.0,118.0,11.0,99.0,9.0,37.0,277.0,49.0,54.0,67.0,120.2,7.0,PMSR-M17-FRA-V-SEN.pdf,
17,Senegal,France,direita,44.5,6.2,1.0,0.39,6.0,2.0,521.0,453.0,87.0,101.0,11.0,78.0,11.0,28.0,308.0,44.0,39.0,64.0,116.7,6.2,PMSR-M17-FRA-V-SEN.pdf,
18,Iraq,Norway,esquerda,34.7,8.1,1.0,1.2,11.0,1.0,347.0,286.0,82.0,70.0,11.0,72.0,9.0,24.0,288.0,64.0,42.0,52.0,111.7,5.6,PMSR-M18-IRQ-V-NOR.pdf,
18,Norway,Iraq,direita,57.2,8.1,4.0,2.41,11.0,5.0,548.0,493.0,90.0,116.0,16.0,101.0,17.0,34.0,173.0,34.0,31.0,52.0,116.3,5.3,PMSR-M18-IRQ-V-NOR.pdf,
19,Argentina,Algeria,esquerda,44.6,4.6,3.0,1.58,10.0,6.0,578.0,517.0,89.0,102.0,8.0,68.0,5.0,18.0,288.0,57.0,46.0,50.0,108.4,4.4,PMSR-M19-ARG-V-ALG.pdf,
19,Algeria,Argentina,direita,50.8,4.6,0.0,0.41,7.0,1.0,634.0,578.0,91.0,115.0,7.0,160.0,8.0,40.0,332.0,37.0,40.0,59.0,109.3,5.2,PMSR-M19-ARG-V-ALG.pdf,
20,Austria,Jordan,esquerda,53.3,13.7,3.0,1.93,10.0,4.0,587.0,499.0,85.0,112.0,14.0,132.0,17.0,35.0,206.0,44.0,54.0,83.0,120.4,6.7,PMSR-M20-AUT-V-JOR.pdf,
20,Jordan,Austria,direita,33.0,13.7,1.0,0.53,11.0,3.0,344.0,254.0,74.0,63.0,4.0,91.0,15.0,23.0,322.0,42.0,55.0,85.0,119.2,6.7,PMSR-M20-AUT-V-JOR.pdf,
21,Ghana,Panama,esquerda,35.6,8.9,1.0,1.07,8.0,2.0,362.0,304.0,84.0,70.0,12.0,66.0,16.0,36.0,294.0,60.0,49.0,71.0,119.0,6.2,PMSR-M21-GHA-V-PAN.pdf,
21,Panama,Ghana,direita,55.5,8.9,0.0,0.77,11.0,4.0,597.0,526.0,88.0,105.0,8.0,114.0,21.0,22.0,201.0,62.0,48.0,75.0,117.3,5.7,PMSR-M21-GHA-V-PAN.pdf,
22,England,Croatia,esquerda,49.0,7.5,4.0,3.33,22.0,11.0,482.0,421.0,87.0,82.0,11.0,78.0,15.0,23.0,262.0,38.0,36.0,63.0,117.0,6.6,PMSR-M22-ENG-V-CRO.pdf,
22,Croatia,England,direita,43.5,7.5,2.0,0.82,10.0,5.0,459.0,399.0,87.0,85.0,8.0,89.0,12.0,20.0,295.0,50.0,35.0,48.0,113.7,6.4,PMSR-M22-ENG-V-CRO.pdf,
23,Portugal,Congo DR,esquerda,68.9,5.8,1.0,0.57,7.0,1.0,804.0,740.0,92.0,146.0,18.0,222.0,23.0,27.0,183.0,24.0,29.0,70.0,109.8,5.7,PMSR-M23-POR-V-COD.pdf,
23,Congo DR,Portugal,direita,25.3,5.8,1.0,0.54,8.0,2.0,268.0,214.0,80.0,60.0,4.0,62.0,10.0,24.0,407.0,41.0,42.0,46.0,112.4,6.0,PMSR-M23-POR-V-COD.pdf,
24,Uzbekistan,Colombia,esquerda,33.9,9.4,1.0,1.11,8.0,2.0,334.0,267.0,80.0,70.0,6.0,64.0,11.0,20.0,264.0,36.0,32.0,40.0,112.0,4.5,PMSR-M24-UZB-V-COL.pdf,
24,Colombia,Uzbekistan,direita,56.7,9.4,3.0,1.16,15.0,4.0,534.0,469.0,88.0,72.0,3.0,110.0,18.0,23.0,160.0,32.0,31.0,59.0,108.7,4.7,PMSR-M24-UZB-V-COL.pdf,
25,Czechia,South Africa,esquerda,32.4,7.4,1.0,1.36,14.0,3.0,352.0,279.0,79.0,87.0,6.0,73.0,15.0,22.0,343.0,40.0,41.0,64.0,119.6,6.6,PMSR-M25-CZE-V-RSA.pdf,
25,South Africa,Czechia,direita,60.3,7.4,1.0,1.34,17.0,4.0,584.0,518.0,89.0,114.0,8.0,126.0,16.0,20.0,233.0,41.0,44.0,66.0,112.0,5.9,PMSR-M25-CZE-V-RSA.pdf,
26,Switzerland,Bosnia and Herzegovina,esquerda,57.8,8.1,4.0,1.85,13.0,7.0,601.0,531.0,88.0,115.0,18.0,166.0,24.0,24.0,234.0,40.0,46.0,70.0,114.9,5.8,PMSR-M26-SUI-V-BIH.pdf,
26,Bosnia and Herzegovina,Switzerland,direita,34.1,8.1,1.0,0.3,5.0,3.0,359.0,289.0,81.0,69.0,6.0,61.0,14.0,24.0,339.0,48.0,42.0,62.0,113.1,5.6,PMSR-M26-SUI-V-BIH.pdf,
27,Canada,Qatar,esquerda,65.8,13.7,6.0,3.9,33.0,11.0,575.0,535.0,93.0,131.0,23.0,416.0,61.0,16.0,107.0,27.0,31.0,89.0,111.2,5.7,PMSR-M27-CAN-V-QAT.pdf,
27,Qatar,Canada,direita,20.5,13.7,0.0,0.2,2.0,0.0,166.0,107.0,64.0,23.0,3.0,11.0,2.0,7.0,274.0,43.0,23.0,34.0,90.8,3.7,PMSR-M27-CAN-V-QAT.pdf,
28,Mexico,Korea Republic,esquerda,40.8,7.3,1.0,0.34,8.0,4.0,432.0,360.0,83.0,76.0,4.0,56.0,5.0,18.0,265.0,39.0,46.0,69.0,116.5,5.3,PMSR-M28-MEX-V-KOR.pdf,
28,Korea Republic,Mexico,direita,51.8,7.3,0.0,0.87,9.0,2.0,593.0,510.0,86.0,75.0,9.0,84.0,8.0,16.0,217.0,37.0,48.0,62.0,112.1,5.3,PMSR-M28-MEX-V-KOR.pdf,
29,Brazil,Haiti,esquerda,49.0,7.8,3.0,1.42,7.0,4.0,551.0,484.0,88.0,105.0,13.0,84.0,11.0,21.0,195.0,32.0,39.0,50.0,113.6,5.9,PMSR-M29-BRA-V-HAI.pdf,
29,Haiti,Brazil,direita,43.2,7.8,0.0,0.26,7.0,3.0,402.0,338.0,84.0,84.0,10.0,88.0,13.0,29.0,294.0,58.0,34.0,63.0,112.8,6.1,PMSR-M29-BRA-V-HAI.pdf,
30,Scotland,Morocco,esquerda,39.1,6.1,0.0,0.74,6.0,0.0,460.0,403.0,88.0,87.0,5.0,77.0,13.0,26.0,304.0,36.0,39.0,49.0,117.8,5.9,PMSR-M30-SCO-V-MAR.pdf,
30,Morocco,Scotland,direita,54.8,6.1,1.0,0.8,12.0,2.0,676.0,612.0,91.0,83.0,8.0,99.0,13.0,32.0,260.0,56.0,40.0,61.0,115.4,6.4,PMSR-M30-SCO-V-MAR.pdf,
31,Türkiye,Paraguay,esquerda,67.7,13.1,0.0,2.13,32.0,5.0,666.0,594.0,89.0,153.0,17.0,319.0,45.0,43.0,101.0,36.0,41.0,92.0,123.3,5.4,PMSR-M31-TUR-V-PAR.pdf,
31,Paraguay,Türkiye,direita,19.2,13.1,1.0,0.36,7.0,2.0,171.0,92.0,54.0,45.0,3.0,40.0,9.0,17.0,367.0,69.0,50.0,61.0,117.0,6.3,PMSR-M31-TUR-V-PAR.pdf,
32,USA,Australia,esquerda,56.0,13.7,2.0,1.58,10.0,2.0,531.0,465.0,88.0,95.0,17.0,126.0,15.0,33.0,167.0,50.0,39.0,65.0,111.1,5.5,PMSR-M32-USA-V-AUS.pdf,
32,Australia,USA,direita,30.3,13.7,0.0,0.31,5.0,2.0,308.0,238.0,77.0,71.0,11.0,89.0,20.0,31.0,262.0,40.0,40.0,70.0,112.8,6.2,PMSR-M32-USA-V-AUS.pdf,
33,Germany,Côte d'Ivoire,esquerda,49.5,9.3,2.0,2.47,16.0,7.0,634.0,578.0,91.0,133.0,13.0,215.0,20.0,28.0,293.0,59.0,47.0,69.0,125.8,7.6,PMSR-M33-GER-V-CIV.pdf,
33,Côte d'Ivoire,Germany,direita,41.2,9.3,1.0,1.27,9.0,2.0,449.0,387.0,86.0,92.0,9.0,92.0,12.0,50.0,316.0,57.0,43.0,60.0,113.1,5.3,PMSR-M33-GER-V-CIV.pdf,
34,Ecuador,Curaçao,esquerda,65.8,10.8,0.0,2.76,27.0,15.0,663.0,601.0,91.0,125.0,19.0,238.0,33.0,41.0,155.0,49.0,43.0,92.0,103.7,5.4,PMSR-M34-ECU-V-CUW.pdf,
34,Curaçao,Ecuador,direita,23.4,10.8,0.0,0.63,10.0,3.0,237.0,167.0,70.0,59.0,1.0,50.0,1.0,31.0,345.0,50.0,35.0,60.0,106.1,5.2,PMSR-M34-ECU-V-CUW.pdf,
35,Netherlands,Sweden,esquerda,48.2,8.5,5.0,2.25,10.0,7.0,447.0,398.0,89.0,96.0,14.0,97.0,19.0,25.0,232.0,38.0,47.0,54.0,108.4,5.5,PMSR-M35-NED-V-SWE.pdf,
35,Sweden,Netherlands,direita,43.3,8.5,1.0,1.3,16.0,8.0,438.0,377.0,86.0,100.0,12.0,118.0,23.0,20.0,228.0,38.0,37.0,53.0,110.1,5.7,PMSR-M35-NED-V-SWE.pdf,
36,Tunisia,Japan,esquerda,36.4,8.5,0.0,0.02,2.0,0.0,376.0,305.0,81.0,58.0,6.0,55.0,9.0,13.0,233.0,35.0,34.0,45.0,112.4,5.5,PMSR-M36-TUN-V-JPN.pdf,
36,Japan,Tunisia,direita,55.1,8.5,4.0,1.36,10.0,4.0,593.0,535.0,90.0,85.0,10.0,119.0,12.0,17.0,219.0,50.0,35.0,52.0,112.2,5.3,PMSR-M36-TUN-V-JPN.pdf,
37,Uruguay,Cabo Verde,esquerda,54.9,11.7,2.0,2.23,17.0,2.0,517.0,444.0,86.0,92.0,16.0,183.0,27.0,31.0,198.0,43.0,41.0,78.0,112.8,6.7,PMSR-M37-URU-V-CPV.pdf,
37,Cabo Verde,Uruguay,direita,33.4,11.7,2.0,0.54,12.0,4.0,293.0,218.0,74.0,62.0,2.0,47.0,8.0,29.0,233.0,39.0,46.0,61.0,107.4,4.7,PMSR-M37-URU-V-CPV.pdf,
38,Spain,Saudi Arabia,esquerda,63.2,6.9,4.0,3.2,22.0,8.0,743.0,688.0,93.0,159.0,18.0,259.0,28.0,25.0,214.0,30.0,44.0,87.0,115.5,5.9,PMSR-M38-ESP-V-KSA.pdf,
38,Saudi Arabia,Spain,direita,30.0,6.9,0.0,0.11,3.0,2.0,389.0,309.0,79.0,77.0,7.0,63.0,4.0,19.0,413.0,34.0,42.0,54.0,115.0,6.7,PMSR-M38-ESP-V-KSA.pdf,
39,Belgium,IR Iran,esquerda,59.2,10.6,0.0,1.48,23.0,7.0,637.0,562.0,88.0,120.0,11.0,267.0,35.0,33.0,121.0,13.0,45.0,90.0,111.7,5.2,PMSR-M39-BEL-V-IRN.pdf,
39,IR Iran,Belgium,direita,30.2,10.6,0.0,0.48,7.0,3.0,275.0,201.0,73.0,40.0,3.0,46.0,11.0,9.0,343.0,49.0,43.0,59.0,112.6,5.2,PMSR-M39-BEL-V-IRN.pdf,
40,New Zealand,Egypt,esquerda,39.4,10.3,1.0,0.71,11.0,5.0,437.0,355.0,81.0,85.0,4.0,80.0,13.0,23.0,289.0,47.0,39.0,76.0,118.5,6.8,PMSR-M40-NZL-V-EGY.pdf,
40,Egypt,New Zealand,direita,50.3,10.3,3.0,2.1,19.0,7.0,544.0,486.0,89.0,110.0,9.0,167.0,20.0,17.0,249.0,45.0,51.0,72.0,118.3,7.1,PMSR-M40-NZL-V-EGY.pdf,
41,Norway,Senegal,esquerda,40.1,8.4,3.0,1.5,13.0,7.0,361.0,295.0,82.0,68.0,5.0,87.0,11.0,19.0,224.0,33.0,32.0,55.0,120.3,6.5,PMSR-M41-NOR-V-SEN.pdf,
41,Senegal,Norway,direita,51.4,8.4,2.0,2.05,16.0,4.0,504.0,447.0,89.0,99.0,12.0,181.0,23.0,27.0,233.0,41.0,36.0,74.0,111.2,6.1,PMSR-M41-NOR-V-SEN.pdf,
42,France,Iraq,esquerda,49.0,6.7,3.0,2.3,19.0,5.0,604.0,553.0,92.0,117.0,21.0,246.0,19.0,38.0,257.0,35.0,42.0,79.0,107.7,4.7,PMSR-M42-FRA-V-IRQ.pdf,
42,Iraq,France,direita,44.3,6.7,0.0,0.7,4.0,0.0,502.0,431.0,86.0,89.0,6.0,50.0,10.0,26.0,304.0,43.0,37.0,55.0,112.1,4.5,PMSR-M42-FRA-V-IRQ.pdf,
43,Argentina,Austria,esquerda,48.2,8.4,2.0,2.45,12.0,5.0,564.0,509.0,90.0,87.0,6.0,103.0,6.0,14.0,229.0,35.0,41.0,53.0,104.4,4.5,PMSR-M43-ARG-V-AUT.pdf,
43,Austria,Argentina,direita,43.5,8.4,0.0,0.63,6.0,1.0,475.0,416.0,88.0,91.0,13.0,146.0,18.0,18.0,299.0,48.0,31.0,65.0,107.8,4.9,PMSR-M43-ARG-V-AUT.pdf,
44,Jordan,Algeria,esquerda,27.7,10.1,1.0,0.38,8.0,4.0,270.0,201.0,74.0,71.0,12.0,49.0,7.0,29.0,355.0,76.0,47.0,67.0,117.5,5.9,PMSR-M44-JOR-V-ALG.pdf,
44,Algeria,Jordan,direita,62.2,10.1,2.0,2.05,17.0,8.0,661.0,590.0,89.0,99.0,19.0,182.0,20.0,39.0,199.0,48.0,55.0,85.0,116.3,6.6,PMSR-M44-JOR-V-ALG.pdf,
45,England,Ghana,esquerda,72.4,7.6,0.0,1.78,19.0,3.0,652.0,605.0,93.0,106.0,16.0,218.0,32.0,31.0,105.0,39.0,25.0,65.0,108.3,5.1,PMSR-M45-ENG-V-GHA.pdf,
45,Ghana,England,direita,20.0,7.6,0.0,0.34,2.0,0.0,179.0,128.0,72.0,36.0,6.0,24.0,5.0,11.0,298.0,50.0,31.0,32.0,105.9,4.3,PMSR-M45-ENG-V-GHA.pdf,
46,Panama,Croatia,esquerda,37.2,10.4,0.0,0.69,8.0,1.0,356.0,282.0,79.0,80.0,10.0,97.0,27.0,24.0,269.0,58.0,44.0,81.0,108.2,5.8,PMSR-M46-PAN-V-CRO.pdf,
46,Croatia,Panama,direita,52.5,10.4,1.0,0.82,6.0,2.0,518.0,445.0,86.0,75.0,16.0,96.0,18.0,19.0,236.0,51.0,47.0,65.0,110.0,6.9,PMSR-M46-PAN-V-CRO.pdf,
47,Portugal,Uzbekistan,esquerda,56.1,9.8,5.0,2.03,17.0,9.0,639.0,577.0,90.0,135.0,19.0,179.0,24.0,43.0,197.0,43.0,37.0,67.0,110.2,6.0,PMSR-M47-POR-V-GHA.pdf,
47,Uzbekistan,Portugal,direita,34.0,9.8,0.0,0.44,7.0,2.0,347.0,278.0,80.0,63.0,3.0,63.0,8.0,21.0,338.0,44.0,49.0,61.0,109.6,6.5,PMSR-M47-POR-V-GHA.pdf,
48,Colombia,Congo DR,esquerda,58.5,8.6,1.0,1.57,20.0,9.0,548.0,475.0,87.0,94.0,10.0,146.0,14.0,14.0,155.0,31.0,40.0,64.0,104.0,5.0,PMSR-M48-COL-V-COD.pdf,
48,Congo DR,Colombia,direita,32.9,8.6,0.0,0.42,7.0,1.0,315.0,236.0,75.0,51.0,6.0,56.0,13.0,10.0,300.0,47.0,40.0,59.0,106.0,5.1,PMSR-M48-COL-V-COD.pdf,
49,Scotland,Brazil,esquerda,43.0,6.0,0.0,0.69,14.0,5.0,520.0,466.0,90.0,99.0,7.0,96.0,24.0,15.0,241.0,34.0,33.0,49.0,113.2,4.4,PMSR-M49-SCO-V-BRA.pdf,
49,Brazil,Scotland,direita,51.1,6.0,3.0,3.78,21.0,9.0,615.0,571.0,93.0,108.0,9.0,139.0,13.0,20.0,227.0,24.0,28.0,53.0,110.7,4.2,PMSR-M49-SCO-V-BRA.pdf,
50,Morocco,Haiti,esquerda,60.1,8.4,4.0,2.12,22.0,11.0,557.0,495.0,89.0,124.0,19.0,157.0,31.0,39.0,172.0,57.0,38.0,64.0,111.2,6.8,PMSR-M50-MAR-V-HAI.pdf,
50,Haiti,Morocco,direita,31.5,8.4,2.0,0.67,9.0,2.0,265.0,212.0,80.0,49.0,3.0,40.0,3.0,32.0,331.0,50.0,50.0,59.0,107.5,5.9,PMSR-M50-MAR-V-HAI.pdf,
51,Switzerland,Canada,esquerda,48.8,11.1,2.0,1.68,6.0,4.0,471.0,389.0,83.0,95.0,6.0,55.0,8.0,16.0,216.0,50.0,49.0,53.0,109.9,5.2,PMSR-M51-SUI-V-CAN.pdf,
51,Canada,Switzerland,direita,40.1,11.1,1.0,1.61,13.0,7.0,353.0,275.0,78.0,87.0,7.0,103.0,26.0,21.0,299.0,44.0,50.0,64.0,114.6,7.1,PMSR-M51-SUI-V-CAN.pdf,
52,Bosnia and Herzegovina,Qatar,esquerda,48.7,8.7,3.0,0.77,14.0,5.0,521.0,461.0,88.0,99.0,8.0,92.0,25.0,29.0,248.0,41.0,43.0,59.0,113.8,5.5,PMSR-M52-BIH-V-QAT.pdf,
52,Qatar,Bosnia and Herzegovina,direita,42.6,8.7,1.0,1.17,9.0,3.0,457.0,388.0,85.0,90.0,14.0,94.0,18.0,13.0,264.0,37.0,42.0,55.0,110.0,5.4,PMSR-M52-BIH-V-QAT.pdf,
53,Czechia,Mexico,esquerda,44.7,8.8,0.0,0.44,13.0,1.0,423.0,352.0,83.0,82.0,6.0,80.0,20.0,18.0,213.0,27.0,38.0,66.0,111.6,5.3,PMSR-M53-CZE-V-MEX.pdf,
53,Mexico,Czechia,direita,46.5,8.8,3.0,2.1,11.0,5.0,394.0,340.0,86.0,71.0,5.0,109.0,14.0,14.0,233.0,23.0,35.0,51.0,114.7,5.5,PMSR-M53-CZE-V-MEX.pdf,
54,South Africa,Korea Republic,esquerda,30.3,8.9,1.0,0.89,13.0,4.0,345.0,279.0,81.0,69.0,2.0,53.0,7.0,21.0,321.0,37.0,40.0,68.0,111.8,5.4,PMSR-M54-RSA-V-KOR.pdf,
54,Korea Republic,South Africa,direita,60.9,8.9,0.0,0.74,8.0,3.0,718.0,657.0,92.0,114.0,20.0,187.0,39.0,15.0,199.0,27.0,28.0,63.0,111.0,5.4,PMSR-M54-RSA-V-KOR.pdf,
55,Curaçao,Côte d'Ivoire,esquerda,37.9,6.9,0.0,0.66,11.0,2.0,369.0,312.0,85.0,78.0,9.0,69.0,15.0,27.0,299.0,62.0,43.0,57.0,106.2,5.5,PMSR-M55-CUW-V-CIV.pdf,
55,Côte d'Ivoire,Curaçao,direita,55.2,6.9,2.0,0.93,7.0,3.0,644.0,574.0,89.0,116.0,9.0,131.0,18.0,26.0,201.0,43.0,44.0,65.0,106.4,5.3,PMSR-M55-CUW-V-CIV.pdf,
56,Ecuador,Germany,esquerda,39.2,9.6,2.0,1.29,7.0,3.0,389.0,325.0,84.0,61.0,7.0,93.0,14.0,24.0,299.0,58.0,49.0,66.0,109.8,6.1,PMSR-M56-ECU-V-GER.pdf,
56,Germany,Ecuador,direita,51.2,9.6,1.0,0.74,11.0,3.0,612.0,537.0,88.0,114.0,4.0,146.0,16.0,25.0,231.0,41.0,51.0,85.0,114.5,6.3,PMSR-M56-ECU-V-GER.pdf,
57,Japan,Sweden,esquerda,44.7,10.7,1.0,1.22,8.0,3.0,454.0,381.0,84.0,79.0,7.0,95.0,14.0,16.0,221.0,47.0,42.0,62.0,110.2,5.3,PMSR-M57-JPN-V-SWE.pdf,
57,Sweden,Japan,direita,44.6,10.7,1.0,0.56,11.0,5.0,410.0,330.0,80.0,72.0,3.0,111.0,16.0,18.0,201.0,26.0,37.0,74.0,111.1,5.1,PMSR-M57-JPN-V-SWE.pdf,
58,Tunisia,Netherlands,esquerda,27.5,7.8,1.0,0.76,10.0,4.0,265.0,208.0,78.0,56.0,4.0,54.0,13.0,15.0,346.0,51.0,34.0,40.0,111.1,5.1,PMSR-M58-TUN-V-NED.pdf,
58,Netherlands,Tunisia,direita,64.6,7.8,3.0,1.79,20.0,7.0,668.0,619.0,93.0,115.0,16.0,233.0,27.0,25.0,173.0,32.0,34.0,61.0,106.8,5.3,PMSR-M58-TUN-V-NED.pdf,
59,Türkiye,USA,esquerda,42.5,9.5,3.0,1.71,8.0,2.0,456.0,353.0,77.0,88.0,13.0,106.0,11.0,24.0,219.0,56.0,50.0,75.0,115.0,5.8,PMSR-M59-TUR-v-USA.pdf,
59,USA,Türkiye,direita,48.0,9.5,2.0,1.78,18.0,7.0,495.0,424.0,86.0,91.0,14.0,111.0,20.0,19.0,267.0,50.0,47.0,61.0,127.6,7.7,PMSR-M59-TUR-v-USA.pdf,
60,Paraguay,Australia,esquerda,42.2,11.6,0.0,0.29,7.0,2.0,418.0,345.0,83.0,49.0,3.0,62.0,7.0,18.0,284.0,62.0,51.0,64.0,113.1,5.5,PMSR-M60-PAR-V-AUS.pdf,
60,Australia,Paraguay,direita,46.2,11.6,0.0,0.7,12.0,5.0,526.0,446.0,85.0,86.0,4.0,109.0,13.0,30.0,210.0,33.0,43.0,93.0,116.4,5.6,PMSR-M60-PAR-V-AUS.pdf,
61,Norway,France,esquerda,41.0,7.8,1.0,1.45,10.0,5.0,449.0,367.0,82.0,75.0,4.0,96.0,9.0,24.0,297.0,43.0,38.0,64.0,113.5,6.0,PMSR-M61-NOR-V-FRA.pdf,
61,France,Norway,direita,51.2,7.8,4.0,1.05,18.0,9.0,549.0,492.0,90.0,98.0,21.0,184.0,16.0,28.0,234.0,45.0,43.0,68.0,109.1,5.6,PMSR-M61-NOR-V-FRA.pdf,
62,Senegal,Iraq,esquerda,58.6,10.7,5.0,2.7,27.0,11.0,585.0,523.0,89.0,107.0,17.0,240.0,29.0,40.0,162.0,23.0,38.0,71.0,111.9,6.1,PMSR-M62-SEN-V-IRQ.pdf,
62,Iraq,Senegal,direita,30.7,10.7,0.0,0.21,6.0,1.0,280.0,200.0,71.0,52.0,4.0,41.0,5.0,17.0,259.0,48.0,43.0,53.0,104.7,5.4,PMSR-M62-SEN-V-IRQ.pdf,
63,Egypt,IR Iran,esquerda,53.7,9.9,1.0,0.92,15.0,3.0,588.0,525.0,89.0,97.0,15.0,123.0,16.0,30.0,169.0,30.0,52.0,76.0,117.2,5.9,PMSR-M63-EGY-V-IRN.pdf,
63,IR Iran,Egypt,direita,36.4,9.9,1.0,2.24,13.0,3.0,359.0,280.0,78.0,73.0,5.0,87.0,11.0,21.0,278.0,45.0,43.0,78.0,118.8,6.5,PMSR-M63-EGY-V-IRN.pdf,
64,New Zealand,Belgium,esquerda,40.5,9.4,1.0,0.3,6.0,2.0,450.0,379.0,84.0,82.0,5.0,77.0,13.0,17.0,321.0,51.0,32.0,50.0,117.6,6.9,PMSR-M64-NZL-V-BEL.pdf,
64,Belgium,New Zealand,direita,50.1,9.4,5.0,3.99,35.0,10.0,530.0,475.0,90.0,118.0,18.0,203.0,25.0,38.0,249.0,32.0,44.0,82.0,119.8,6.9,PMSR-M64-NZL-V-BEL.pdf,
65,Cabo Verde,Saudi Arabia,esquerda,48.0,10.2,0.0,1.37,15.0,2.0,465.0,402.0,86.0,113.0,12.0,133.0,21.0,36.0,206.0,34.0,53.0,83.0,115.5,6.2,PMSR-M65-CPV-V-KSA.pdf,
65,Saudi Arabia,Cabo Verde,direita,41.9,10.2,0.0,0.35,7.0,3.0,455.0,370.0,81.0,76.0,11.0,95.0,12.0,21.0,304.0,66.0,42.0,67.0,113.9,7.3,PMSR-M65-CPV-V-KSA.pdf,
66,Uruguay,Spain,esquerda,33.4,9.5,0.0,0.22,5.0,1.0,305.0,241.0,79.0,68.0,15.0,94.0,18.0,24.0,390.0,64.0,53.0,67.0,113.8,6.5,PMSR-M66-URU-V-ESP.pdf,
66,Spain,Uruguay,direita,57.1,9.5,1.0,1.12,6.0,1.0,637.0,570.0,89.0,134.0,10.0,89.0,15.0,37.0,215.0,35.0,49.0,65.0,111.2,5.1,PMSR-M66-URU-V-ESP.pdf,
67,Panama,England,esquerda,33.1,9.2,0.0,0.72,13.0,2.0,306.0,231.0,75.0,84.0,5.0,48.0,10.0,22.0,283.0,55.0,55.0,57.0,111.3,6.2,PMSR-M67-PAN-V-ENG.pdf,
67,England,Panama,direita,57.7,9.2,2.0,1.61,17.0,6.0,562.0,500.0,89.0,114.0,30.0,177.0,29.0,25.0,228.0,46.0,44.0,72.0,115.2,7.6,PMSR-M67-PAN-V-ENG.pdf,
68,Croatia,Ghana,esquerda,50.8,6.1,2.0,0.48,8.0,4.0,538.0,487.0,91.0,84.0,8.0,82.0,15.0,27.0,189.0,30.0,32.0,52.0,110.5,5.0,PMSR-M68-CRO-V-GHA.pdf,
68,Ghana,Croatia,direita,43.1,6.1,1.0,0.75,6.0,1.0,466.0,411.0,88.0,50.0,5.0,60.0,11.0,27.0,271.0,36.0,40.0,47.0,106.4,5.0,PMSR-M68-CRO-V-GHA.pdf,
69,Algeria,Austria,esquerda,60.7,5.3,3.0,1.54,12.0,5.0,775.0,723.0,93.0,96.0,7.0,137.0,4.0,26.0,218.0,30.0,39.0,47.0,105.2,4.3,PMSR-M69-ALG-V-AUT.pdf,
69,Austria,Algeria,direita,33.9,5.3,3.0,1.06,10.0,3.0,405.0,355.0,88.0,70.0,10.0,93.0,13.0,10.0,305.0,40.0,24.0,56.0,113.3,4.6,PMSR-M69-ALG-V-AUT.pdf,
70,Jordan,Argentina,esquerda,27.7,4.7,1.0,0.96,5.0,1.0,300.0,239.0,80.0,66.0,11.0,61.0,9.0,30.0,471.0,48.0,37.0,44.0,110.6,4.9,PMSR-M70-JOR-V-ARG.pdf,
70,Argentina,Jordan,direita,67.6,4.7,3.0,2.52,13.0,4.0,824.0,762.0,92.0,130.0,8.0,144.0,10.0,25.0,184.0,39.0,42.0,48.0,105.9,4.7,PMSR-M70-JOR-V-ARG.pdf,
71,Colombia,Portugal,esquerda,51.9,6.7,0.0,1.85,24.0,7.0,547.0,491.0,90.0,114.0,13.0,178.0,16.0,20.0,218.0,23.0,36.0,60.0,103.0,5.0,PMSR-M71-COL-V-POR.pdf,
71,Portugal,Colombia,direita,41.4,6.7,0.0,0.97,13.0,2.0,456.0,421.0,92.0,99.0,12.0,121.0,14.0,32.0,303.0,29.0,37.0,38.0,104.0,4.8,PMSR-M71-COL-V-POR.pdf,
72,Congo DR,Uzbekistan,esquerda,53.0,10.0,3.0,2.11,19.0,5.0,495.0,419.0,85.0,106.0,6.0,131.0,25.0,41.0,191.0,31.0,54.0,93.0,115.1,5.5,PMSR-M72-COD-V-UZB.pdf,
72,Uzbekistan,Congo DR,direita,37.0,10.0,1.0,0.16,3.0,1.0,378.0,283.0,75.0,80.0,5.0,90.0,14.0,16.0,342.0,62.0,54.0,74.0,115.8,5.6,PMSR-M72-COD-V-UZB.pdf,
73,South Africa,Canada,esquerda,55.8,8.5,0.0,0.16,6.0,1.0,575.0,486.0,85.0,97.0,13.0,60.0,5.0,25.0,221.0,43.0,42.0,80.0,108.2,6.5,PMSR-M73-RSA-V-CAN.pdf,
73,Canada,South Africa,direita,35.6,8.5,1.0,1.33,12.0,7.0,390.0,314.0,81.0,80.0,7.0,112.0,14.0,29.0,344.0,62.0,49.0,82.0,117.0,7.9,PMSR-M73-RSA-V-CAN.pdf,
74,Germany,Paraguay,esquerda,65.5,10.8,1.0,1.25,21.0,6.0,834.0,752.0,90.0,161.0,10.0,344.0,52.0,46.0,164.0,32.0,45.0,118.0,152.4,6.6,PMSR-M74-GER-V-PAR.pdf,
74,Paraguay,Germany,direita,23.7,10.8,1.0,0.61,7.0,3.0,264.0,166.0,63.0,51.0,6.0,69.0,20.0,28.0,410.0,69.0,59.0,71.0,143.8,6.1,PMSR-M74-GER-V-PAR.pdf,
75,Netherlands,Morocco,esquerda,31.1,7.5,1.0,0.33,6.0,2.0,395.0,307.0,78.0,62.0,4.0,68.0,10.0,19.0,340.0,43.0,51.0,79.0,137.6,5.2,PMSR-M75-NED-V-MAR.pdf,
75,Morocco,Netherlands,direita,61.4,7.5,1.0,1.3,11.0,5.0,891.0,813.0,91.0,94.0,10.0,167.0,19.0,26.0,244.0,64.0,52.0,75.0,139.5,6.5,PMSR-M75-NED-V-MAR.pdf,
76,Brazil,Japan,esquerda,61.6,8.2,2.0,2.12,19.0,7.0,715.0,652.0,91.0,118.0,14.0,250.0,30.0,23.0,200.0,35.0,40.0,74.0,110.0,4.9,PMSR-M76-BRA-V-JPN.pdf,
76,Japan,Brazil,direita,30.3,8.2,1.0,0.26,5.0,2.0,330.0,279.0,85.0,72.0,5.0,81.0,12.0,12.0,362.0,48.0,34.0,47.0,114.9,5.3,PMSR-M76-BRA-V-JPN.pdf,
77,France,Sweden,esquerda,53.5,8.4,3.0,2.9,25.0,12.0,548.0,498.0,91.0,129.0,16.0,202.0,22.0,33.0,213.0,38.0,35.0,64.0,107.7,4.9,PMSR-M77-FRA-V-SWE.pdf,
77,Sweden,France,direita,38.0,8.4,0.0,0.71,8.0,3.0,365.0,296.0,81.0,71.0,6.0,99.0,11.0,16.0,258.0,42.0,34.0,56.0,107.3,4.6,PMSR-M77-FRA-V-SWE.pdf,
78,Côte d'Ivoire,Norway,esquerda,41.3,8.5,1.0,1.43,14.0,5.0,406.0,353.0,87.0,90.0,16.0,151.0,33.0,27.0,318.0,57.0,45.0,72.0,105.8,5.4,PMSR-M78-CIV-V-NOR.pdf,
78,Norway,Côte d'Ivoire,direita,50.2,8.5,2.0,2.3,9.0,4.0,492.0,442.0,90.0,103.0,5.0,126.0,15.0,36.0,216.0,42.0,31.0,51.0,114.5,6.2,PMSR-M78-CIV-V-NOR.pdf,
79,Mexico,Ecuador,esquerda,37.1,10.0,2.0,1.86,15.0,3.0,317.0,259.0,82.0,76.0,10.0,83.0,10.0,15.0,215.0,37.0,33.0,50.0,113.3,6.2,PMSR-M79-MEX-V-ECU.pdf,
79,Ecuador,Mexico,direita,52.9,10.0,0.0,0.47,7.0,1.0,420.0,353.0,84.0,69.0,7.0,112.0,27.0,23.0,191.0,37.0,35.0,59.0,105.0,5.6,PMSR-M79-MEX-V-ECU.pdf,
80,England,Congo DR,esquerda,53.5,8.6,2.0,1.75,16.0,7.0,523.0,482.0,92.0,125.0,25.0,222.0,42.0,41.0,246.0,44.0,35.0,69.0,115.5,5.9,PMSR-M80-ENG-V-COD.pdf,
80,Congo DR,England,direita,37.9,8.6,1.0,0.64,7.0,2.0,392.0,326.0,83.0,91.0,9.0,75.0,16.0,31.0,336.0,60.0,36.0,48.0,114.0,5.7,PMSR-M80-ENG-V-COD.pdf,
81,USA,Bosnia and Herzegovina,esquerda,44.0,8.4,2.0,0.8,8.0,2.0,425.0,362.0,85.0,82.0,14.0,88.0,19.0,31.0,206.0,38.0,43.0,62.0,117.0,5.9,PMSR-M81-USA-V-BIH.pdf,
81,Bosnia and Herzegovina,USA,direita,47.7,8.4,0.0,0.21,10.0,3.0,459.0,381.0,83.0,52.0,5.0,81.0,12.0,16.0,208.0,33.0,32.0,57.0,117.1,5.9,PMSR-M81-USA-V-BIH.pdf,
82,Belgium,Senegal,esquerda,48.3,8.8,3.0,1.74,19.0,5.0,695.0,607.0,87.0,109.0,12.0,161.0,27.0,26.0,351.0,44.0,45.0,93.0,160.5,8.5,PMSR-M82-BEL-V-SEN.pdf,
82,Senegal,Belgium,direita,42.9,8.8,2.0,2.09,19.0,5.0,638.0,555.0,87.0,137.0,16.0,181.0,27.0,33.0,352.0,62.0,52.0,70.0,152.9,7.3,PMSR-M82-BEL-V-SEN.pdf,
83,Portugal,Croatia,esquerda,55.3,7.0,2.0,1.91,15.0,3.0,588.0,538.0,91.0,90.0,7.0,134.0,21.0,32.0,257.0,38.0,42.0,56.0,116.6,6.0,PMSR-M83-POR-V-CRO.pdf,
83,Croatia,Portugal,direita,37.8,7.0,1.0,1.17,13.0,6.0,386.0,330.0,85.0,70.0,7.0,85.0,21.0,30.0,291.0,43.0,35.0,61.0,118.1,6.0,PMSR-M83-POR-V-CRO.pdf,
84,Spain,Austria,esquerda,59.2,7.5,3.0,2.25,23.0,10.0,643.0,589.0,92.0,142.0,14.0,188.0,25.0,42.0,203.0,29.0,51.0,68.0,112.4,6.6,PMSR-M84-ESP-V-AUT.pdf,
84,Austria,Spain,direita,33.3,7.5,0.0,0.25,5.0,0.0,360.0,291.0,81.0,71.0,5.0,52.0,14.0,17.0,410.0,77.0,41.0,56.0,110.5,6.2,PMSR-M84-ESP-V-AUT.pdf,
85,Switzerland,Algeria,esquerda,40.7,7.9,2.0,1.9,11.0,5.0,451.0,371.0,82.0,88.0,10.0,86.0,18.0,37.0,283.0,51.0,56.0,69.0,115.4,5.6,PMSR-M85-SUI-V-ALG.pdf,
85,Algeria,Switzerland,direita,51.5,7.9,0.0,0.73,8.0,2.0,571.0,491.0,86.0,107.0,9.0,109.0,7.0,36.0,266.0,37.0,47.0,70.0,113.2,6.0,PMSR-M85-SUI-V-ALG.pdf,
86,Argentina,Cabo Verde,esquerda,59.2,6.6,3.0,2.73,22.0,12.0,862.0,800.0,93.0,152.0,24.0,262.0,19.0,33.0,289.0,51.0,51.0,77.0,140.6,6.2,PMSR-M86-ARG-V-CPV.pdf,
86,Cabo Verde,Argentina,direita,34.1,6.6,2.0,0.52,16.0,5.0,491.0,425.0,87.0,100.0,5.0,100.0,19.0,29.0,415.0,49.0,45.0,69.0,141.2,5.7,PMSR-M86-ARG-V-CPV.pdf,
87,Colombia,Ghana,esquerda,54.6,6.8,1.0,1.8,20.0,8.0,598.0,540.0,90.0,91.0,12.0,129.0,17.0,19.0,217.0,52.0,35.0,58.0,107.4,5.4,PMSR-M87-COL-V-GHA.pdf,
87,Ghana,Colombia,direita,38.6,6.8,0.0,0.26,8.0,0.0,390.0,329.0,84.0,77.0,3.0,74.0,15.0,29.0,297.0,37.0,36.0,72.0,105.6,5.2,PMSR-M87-COL-V-GHA.pdf,
88,Australia,Egypt,esquerda,35.4,11.6,1.0,0.74,16.0,2.0,520.0,428.0,82.0,115.0,11.0,145.0,23.0,31.0,373.0,32.0,56.0,105.0,148.1,6.5,PMSR-M88-AUS-V-EGY-V2.pdf,
88,Egypt,Australia,direita,53.0,11.6,1.0,1.23,14.0,4.0,729.0,638.0,88.0,113.0,20.0,176.0,22.0,23.0,304.0,56.0,42.0,74.0,142.4,6.2,PMSR-M88-AUS-V-EGY-V2.pdf,
89,Paraguay,France,esquerda,22.5,10.8,0.0,0.13,5.0,0.0,191.0,108.0,57.0,37.0,3.0,22.0,6.0,13.0,268.0,56.0,40.0,65.0,104.4,4.6,PMSR-M89-PAR-V-FRA.pdf,
89,France,Paraguay,direita,66.7,10.8,1.0,1.93,15.0,5.0,587.0,526.0,90.0,103.0,10.0,241.0,20.0,36.0,95.0,23.0,37.0,75.0,104.8,4.3,PMSR-M89-PAR-V-FRA.pdf,
90,Canada,Morocco,esquerda,37.5,11.8,0.0,0.68,10.0,3.0,368.0,282.0,77.0,79.0,12.0,120.0,27.0,21.0,273.0,57.0,48.0,80.0,116.2,6.9,PMSR-M90-CAN-V-MAR.pdf,
90,Morocco,Canada,direita,50.7,11.8,3.0,0.85,5.0,4.0,499.0,420.0,84.0,72.0,9.0,44.0,6.0,29.0,189.0,41.0,46.0,68.0,108.8,5.7,PMSR-M90-CAN-V-MAR.pdf,
91,Brazil,Norway,esquerda,32.1,7.2,1.0,2.57,14.0,4.0,347.0,298.0,86.0,73.0,12.0,129.0,16.0,30.0,401.0,69.0,38.0,59.0,113.3,5.5,PMSR-M91-BRA-V-NOR.pdf,
91,Norway,Brazil,direita,60.7,7.2,2.0,1.41,9.0,5.0,683.0,627.0,92.0,125.0,7.0,178.0,17.0,28.0,185.0,23.0,28.0,68.0,120.5,5.4,PMSR-M91-BRA-V-NOR.pdf,
92,Mexico,England,esquerda,59.4,9.1,2.0,2.01,20.0,5.0,485.0,448.0,92.0,103.0,8.0,206.0,49.0,20.0,182.0,52.0,33.0,62.0,112.0,4.7,PMSR-M92-MEX-V-ENG.pdf,
92,England,Mexico,direita,31.5,9.1,3.0,2.12,6.0,5.0,254.0,204.0,80.0,53.0,9.0,43.0,8.0,17.0,243.0,36.0,28.0,48.0,106.7,3.9,PMSR-M92-MEX-V-ENG.pdf,
93,Portugal,Spain,esquerda,41.7,7.7,0.0,0.91,10.0,2.0,459.0,378.0,82.0,102.0,10.0,101.0,12.0,36.0,342.0,27.0,43.0,63.0,112.8,5.3,PMSR-M93-POR-V-ESP.pdf,
93,Spain,Portugal,direita,50.6,7.7,1.0,1.72,15.0,6.0,548.0,490.0,89.0,143.0,16.0,144.0,18.0,29.0,294.0,45.0,55.0,57.0,115.4,6.1,PMSR-M93-POR-V-ESP.pdf,
94,USA,Belgium,esquerda,51.2,8.7,1.0,0.33,7.0,2.0,553.0,483.0,87.0,126.0,14.0,123.0,13.0,28.0,232.0,39.0,41.0,68.0,119.2,5.9,PMSR-M94-USA-V-BEL.pdf,
94,Belgium,USA,direita,40.0,8.7,4.0,1.99,15.0,7.0,423.0,340.0,80.0,79.0,7.0,94.0,19.0,26.0,295.0,57.0,48.0,90.0,117.9,6.0,PMSR-M94-USA-V-BEL.pdf,
95,Argentina,Egypt,esquerda,57.1,8.5,3.0,2.63,19.0,7.0,618.0,558.0,90.0,129.0,12.0,231.0,26.0,32.0,190.0,36.0,39.0,65.0,110.4,5.5,PMSR-M95-ARG-V-EGY.pdf,
95,Egypt,Argentina,direita,34.4,8.5,2.0,0.76,5.0,2.0,382.0,316.0,83.0,80.0,4.0,54.0,8.0,35.0,380.0,39.0,27.0,39.0,115.9,5.7,PMSR-M95-ARG-V-EGY.pdf,
96,Switzerland,Colombia,esquerda,48.3,7.4,0.0,0.58,7.0,2.0,641.0,561.0,88.0,126.0,13.0,123.0,16.0,26.0,316.0,60.0,49.0,68.0,140.7,6.6,PMSR-M96-SUI-V-COL.pdf,
96,Colombia,Switzerland,direita,44.3,7.4,0.0,0.97,15.0,3.0,562.0,462.0,82.0,120.0,4.0,89.0,17.0,21.0,338.0,53.0,52.0,82.0,136.9,6.2,PMSR-M96-SUI-V-COL.pdf,
97,France,Morocco,esquerda,46.5,6.9,2.0,3.52,22.0,8.0,497.0,450.0,91.0,104.0,9.0,163.0,13.0,43.0,263.0,31.0,38.0,51.0,108.6,5.3,PMSR-M97-FRA-V-MAR.pdf,
97,Morocco,France,direita,46.6,6.9,0.0,0.16,5.0,1.0,539.0,469.0,87.0,76.0,6.0,92.0,16.0,32.0,286.0,42.0,36.0,54.0,108.3,5.1,PMSR-M97-FRA-V-MAR.pdf,
98,Spain,Belgium,esquerda,61.6,7.4,2.0,2.2,17.0,8.0,693.0,625.0,90.0,159.0,18.0,250.0,21.0,36.0,206.0,23.0,37.0,71.0,114.6,5.3,PMSR-M98-ESP-V-BEL-ALT.pdf,
98,Belgium,Spain,direita,31.0,7.4,1.0,0.34,5.0,2.0,320.0,254.0,79.0,80.0,9.0,54.0,12.0,27.0,339.0,37.0,40.0,50.0,116.2,5.6,PMSR-M98-ESP-V-BEL-ALT.pdf,
99,Norway,England,esquerda,44.2,8.4,1.0,0.87,13.0,4.0,582.0,504.0,87.0,100.0,3.0,144.0,18.0,23.0,324.0,56.0,33.0,67.0,148.9,6.2,PMSR-M99-NOR-V-ENG.pdf,
99,England,Norway,direita,47.4,8.4,2.0,1.64,14.0,7.0,653.0,593.0,91.0,121.0,15.0,174.0,21.0,40.0,304.0,51.0,42.0,58.0,140.8,5.5,PMSR-M99-NOR-V-ENG.pdf,
100,Argentina,Switzerland,esquerda,54.7,8.3,3.0,1.99,22.0,7.0,716.0,629.0,88.0,98.0,7.0,256.0,16.0,21.0,241.0,35.0,39.0,69.0,136.7,5.4,PMSR-M100-ARG-V-SUI.pdf,
100,Switzerland,Argentina,direita,37.0,8.3,1.0,0.44,11.0,5.0,476.0,404.0,85.0,99.0,8.0,130.0,22.0,34.0,367.0,47.0,43.0,76.0,138.0,5.5,PMSR-M100-ARG-V-SUI.pdf,
101,France,Spain,esquerda,46.8,7.4,0.0,0.48,10.0,3.0,496.0,417.0,84.0,111.0,8.0,117.0,22.0,32.0,298.0,47.0,51.0,77.0,114.0,6.1,PMSR-M101-FRA-V-ESP.pdf,
101,Spain,France,direita,45.8,7.4,2.0,2.21,10.0,2.0,517.0,439.0,85.0,98.0,9.0,75.0,8.0,24.0,309.0,54.0,54.0,68.0,115.0,5.9,PMSR-M101-FRA-V-ESP.pdf,
102,England,Argentina,esquerda,35.2,8.2,1.0,0.46,5.0,2.0,353.0,293.0,83.0,74.0,13.0,87.0,15.0,25.0,320.0,40.0,32.0,54.0,107.7,4.9,PMSR-M102-ENG-V-ARG.pdf,
102,Argentina,England,direita,56.5,8.2,2.0,1.47,15.0,5.0,610.0,549.0,90.0,115.0,8.0,230.0,20.0,26.0,188.0,39.0,39.0,55.0,106.6,5.4,PMSR-M102-ENG-V-ARG.pdf,
103,France,England,esquerda,41.5,6.5,4.0,2.99,19.0,9.0,453.0,412.0,91.0,105.0,16.0,176.0,8.0,36.0,335.0,75.0,30.0,59.0,107.3,6.1,PMSR-M103-FRA-V-ENG.pdf,
103,England,France,direita,52.0,6.5,6.0,2.34,19.0,11.0,535.0,479.0,90.0,116.0,17.0,66.0,13.0,33.0,223.0,44.0,32.0,62.0,107.7,5.8,PMSR-M103-FRA-V-ENG.pdf,
104,Spain,Argentina,esquerda,60.2,7.4,1.0,2.52,20.0,12.0,878.0,789.0,90.0,182.0,22.0,251.0,24.0,34.0,300.0,39.0,56.0,95.0,148.0,6.5,PMSR-M104-ESP-V-ARG.pdf,
104,Argentina,Spain,direita,32.5,7.4,0.0,0.07,2.0,0.0,476.0,375.0,79.0,87.0,5.0,52.0,9.0,22.0,445.0,57.0,54.0,69.0,142.0,6.3,PMSR-M104-ESP-V-ARG.pdf,
