,1 Orjan NYLAND,3 Kristoffer AJER,5 David MOLLER WOLFE,6 Patrick BERG,7 Alexander SORLOTH,8 Sander BERGE,9 Erling HAALAND,10 Martin ODEGAARD,17 Torbjorn HEGGEM,21 Andreas SCHJELDERUP,26 Julian RYERSON,4 Leo OSTIGARD,11 Jorgen STRAND LARSEN,14 Fredrik AURSNES,16 Marcus HOLMGREN PEDERSEN,20 Antonio NUSA,22 Oscar BOBB,TOTAL_DADO
1 Orjan NYLAND,,3,2,1,2,3,0,3,6,0,0,2,0,0,0,0,0,22
3 Kristoffer AJER,4,,0,3,1,11,0,7,8,1,2,1,0,5,0,1,2,46
5 David MOLLER WOLFE,1,1,,3,0,3,0,1,4,4,0,0,0,0,0,1,0,18
6 Patrick BERG,0,2,5,,1,7,1,9,0,3,2,0,0,1,2,0,1,34
7 Alexander SORLOTH,0,1,0,0,,3,1,4,0,0,5,0,0,1,0,0,0,15
8 Sander BERGE,6,12,1,7,2,,0,33,11,2,1,3,0,9,4,7,5,103
9 Erling HAALAND,0,0,0,0,0,3,,2,0,0,0,0,0,0,0,0,1,6
10 Martin ODEGAARD,4,3,2,5,5,28,1,,4,2,3,1,0,12,3,1,5,79
17 Torbjorn HEGGEM,8,6,9,1,0,6,1,4,,2,0,0,0,0,0,2,0,39
21 Andreas SCHJELDERUP,0,0,1,4,0,4,1,1,2,,0,0,0,1,0,0,0,14
26 Julian RYERSON,0,4,0,0,3,3,0,2,0,0,,0,0,0,0,0,0,12
4 Leo OSTIGARD,1,3,0,0,0,7,0,2,0,0,0,,0,1,1,0,0,15
11 Jorgen STRAND LARSEN,0,0,0,1,0,0,0,0,0,0,0,0,,0,0,1,0,2
14 Fredrik AURSNES,3,5,0,1,1,7,1,5,1,0,0,1,1,,1,5,7,39
16 Marcus HOLMGREN PEDERSEN,0,1,0,1,0,3,0,3,0,0,0,2,0,1,,1,0,12
20 Antonio NUSA,0,0,1,0,0,2,0,1,0,0,0,1,1,1,1,,1,9
22 Oscar BOBB,0,1,0,2,0,2,1,6,0,0,0,0,0,5,2,2,,21
TOTAL_RECEBIDO,27,42,21,29,15,92,7,83,36,14,13,11,2,37,14,21,22,486
