,1 Max CROCOMBE,2 Tim PAYNE,4 Tyler BINDON,6 Joe BELL,8 Marko STAMENIC,9 Chris WOOD,10 Sarpreet SINGH,11 Elijah JUST,13 Liberato CACACE,16 Finn SURMAN,23 Ryan THOMAS,3 Francis DE VRIES,5 Michael BOXALL,19 Ben OLD,20 Callum McCOWATT,21 Jesse RANDALL,TOTAL_DADO
1 Max CROCOMBE,,1,5,2,4,3,1,1,1,3,0,0,4,0,0,0,25
2 Tim PAYNE,0,,2,3,1,0,3,1,0,6,1,0,0,0,0,1,18
4 Tyler BINDON,4,0,,1,9,0,0,1,9,6,0,0,1,4,5,2,42
6 Joe BELL,2,4,4,,8,0,2,1,4,5,1,0,0,0,0,0,31
8 Marko STAMENIC,2,1,11,5,,0,1,9,7,11,2,0,1,1,5,2,58
9 Chris WOOD,0,0,0,1,1,,0,2,0,0,1,0,0,0,3,0,8
10 Sarpreet SINGH,0,2,0,2,3,0,,1,2,0,0,0,0,0,0,0,10
11 Elijah JUST,0,2,2,2,6,2,3,,2,3,4,1,1,3,3,1,35
13 Liberato CACACE,0,0,4,3,5,0,0,5,,1,4,0,1,1,1,1,26
16 Finn SURMAN,3,7,11,5,7,0,1,3,0,,1,0,2,2,2,0,44
23 Ryan THOMAS,0,2,0,2,1,0,1,3,1,0,,0,0,0,0,0,10
3 Francis DE VRIES,0,0,0,0,1,0,0,0,0,0,0,,1,0,0,2,4
5 Michael BOXALL,1,0,0,0,5,0,0,1,2,2,0,2,,0,0,2,15
19 Ben OLD,0,0,2,0,1,1,0,3,0,1,0,0,0,,2,0,10
20 Callum McCOWATT,0,0,3,0,4,2,0,4,0,5,0,0,2,2,,0,22
21 Jesse RANDALL,0,0,0,0,2,0,0,1,2,0,0,3,1,0,1,,10
TOTAL_RECEBIDO,12,19,44,26,58,8,12,36,30,43,14,6,14,13,22,11,368
