,13 Dean HENDERSON,2 Ezri KONSA,4 Declan RICE,6 Marc GUEHI,7 Bukayo SAKA,11 Marcus RASHFORD,17 Morgan ROGERS,21 Eberechi EZE,22 Ivan TONEY,25 Djed SPENCE,26 Jarell QUANSAH,8 Elliot ANDERSON,10 Jude BELLINGHAM,12 Trevoh CHALOBAH,19 Ollie WATKINS,24 Reece JAMES,TOTAL_DADO
13 Dean HENDERSON,,4,3,14,0,0,1,1,3,1,2,1,1,0,0,0,31
2 Ezri KONSA,14,,5,6,1,0,3,7,1,1,5,1,2,0,0,0,46
4 Declan RICE,5,11,,19,2,2,12,16,4,4,8,1,1,0,2,0,87
6 Marc GUEHI,7,5,18,,0,5,4,13,5,13,1,1,0,0,0,0,72
7 Bukayo SAKA,0,0,2,0,,2,6,1,0,0,3,1,1,0,2,0,18
11 Marcus RASHFORD,0,0,1,5,2,,0,7,0,3,0,0,0,0,0,0,18
17 Morgan ROGERS,0,1,7,2,5,3,,6,2,3,6,2,1,0,0,0,38
21 Eberechi EZE,3,2,14,15,3,3,1,,3,9,3,0,0,0,0,0,56
22 Ivan TONEY,0,0,1,1,3,0,3,2,,1,0,0,0,0,3,0,14
25 Djed SPENCE,1,0,3,10,0,7,1,2,0,,1,0,1,0,6,0,32
26 Jarell QUANSAH,0,6,12,0,5,0,6,0,1,0,,0,1,0,0,0,31
8 Elliot ANDERSON,1,0,2,2,0,0,1,0,0,2,0,,1,0,0,2,11
10 Jude BELLINGHAM,0,1,0,0,0,0,2,0,0,0,0,2,,0,1,0,6
12 Trevoh CHALOBAH,0,0,0,0,0,0,0,0,0,0,0,0,0,,0,0,0
19 Ollie WATKINS,0,0,2,0,0,0,0,2,1,0,1,0,2,0,,0,8
24 Reece JAMES,0,1,1,0,2,0,0,0,0,0,0,0,0,0,0,,4
TOTAL_RECEBIDO,31,31,71,74,23,22,40,57,20,37,30,9,11,0,14,2,472
