,23 Emiliano MARTINEZ,6 Lisandro MARTINEZ,7 Rodrigo DE PAUL,10 Lionel MESSI,13 Cristian ROMERO,16 Thiago ALMADA,20 Alexis MAC ALLISTER,22 Lautaro MARTINEZ,24 Enzo FERNANDEZ,25 Facundo MEDINA,26 Nahuel MOLINA,3 Nicolas TAGLIAFICO,4 Gonzalo MONTIEL,5 Leandro PAREDES,9 Julian ALVAREZ,15 Nico GONZALEZ,TOTAL_DADO
23 Emiliano MARTINEZ,,13,0,0,9,1,2,1,0,0,0,0,0,1,0,0,27
6 Lisandro MARTINEZ,2,,8,3,34,5,7,1,22,8,1,4,0,5,4,11,115
7 Rodrigo DE PAUL,2,14,,12,11,1,11,1,6,1,10,0,0,0,1,1,71
10 Lionel MESSI,0,6,5,,4,2,4,0,8,0,4,1,0,1,1,3,39
13 Cristian ROMERO,6,24,22,4,,2,18,2,9,0,19,0,1,6,1,0,114
16 Thiago ALMADA,0,1,2,4,1,,1,1,11,8,0,0,0,0,0,0,29
20 Alexis MAC ALLISTER,0,8,13,14,10,2,,0,10,0,11,0,2,8,1,1,80
22 Lautaro MARTINEZ,0,0,2,2,0,0,4,,2,3,0,0,0,0,0,0,13
24 Enzo FERNANDEZ,0,10,6,5,10,13,15,3,,16,4,4,0,6,3,7,102
25 Facundo MEDINA,0,12,0,0,2,4,3,1,17,,1,0,0,0,0,1,41
26 Nahuel MOLINA,3,3,16,3,12,2,5,1,2,0,,1,0,1,1,0,50
3 Nicolas TAGLIAFICO,0,2,0,0,1,0,0,0,7,0,0,,0,6,3,0,19
4 Gonzalo MONTIEL,0,0,0,0,2,0,1,0,0,0,0,0,,0,0,0,3
5 Leandro PAREDES,0,7,0,3,5,0,6,0,5,0,4,4,1,,2,2,39
9 Julian ALVAREZ,0,3,0,5,1,0,2,0,3,0,1,0,1,3,,1,20
15 Nico GONZALEZ,0,1,0,1,0,0,1,0,7,3,0,4,0,1,3,,21
TOTAL_RECEBIDO,13,104,74,56,102,32,80,11,109,39,55,18,5,38,20,27,783
