,1 Gregor KOBEL,4 Nico ELVEDI,5 Manuel AKANJI,6 Denis ZAKARIA,7 Breel EMBOLO,8 Remo FREULER,10 Granit XHAKA,11 Dan NDOYE,13 Ricardo RODRIGUEZ,14 Ardon JASHARI,22 Fabian RIEDER,2 Miro MUHEIM,3 Silvan WIDMER,15 Djibril SOW,17 Ruben VARGAS,23 Zeki AMDOUNI,26 Cedric ITTEN,TOTAL_DADO
1 Gregor KOBEL,,11,20,2,0,0,2,0,2,0,0,0,1,0,0,0,1,39
4 Nico ELVEDI,17,,29,5,2,10,13,0,2,2,1,0,5,6,0,0,0,92
5 Manuel AKANJI,16,29,,2,1,12,16,0,9,2,5,7,2,2,0,1,0,104
6 Denis ZAKARIA,1,7,0,,2,3,3,0,0,1,1,0,0,2,0,0,0,20
7 Breel EMBOLO,0,0,0,1,,2,0,1,0,3,4,0,0,0,0,0,0,11
8 Remo FREULER,0,8,6,4,3,,18,1,1,2,3,3,5,6,0,1,0,61
10 Granit XHAKA,3,8,16,7,0,12,,3,11,5,3,3,1,4,6,1,0,83
11 Dan NDOYE,0,0,1,0,0,2,4,,1,0,0,0,0,0,0,0,0,8
13 Ricardo RODRIGUEZ,0,0,5,0,1,3,7,3,,2,1,0,0,1,0,0,0,23
14 Ardon JASHARI,0,1,3,0,0,2,3,3,1,,0,0,0,0,0,0,0,13
22 Fabian RIEDER,0,3,0,0,2,0,1,2,1,1,,3,1,3,0,0,0,17
2 Miro MUHEIM,2,0,3,0,0,2,5,2,0,0,2,,0,0,2,0,0,18
3 Silvan WIDMER,0,5,0,0,0,3,0,0,0,0,1,0,,5,0,0,1,15
15 Djibril SOW,0,2,5,2,0,7,3,1,2,0,1,0,4,,0,0,0,27
17 Ruben VARGAS,0,0,0,0,0,0,2,0,0,0,0,2,0,0,,0,0,4
23 Zeki AMDOUNI,0,0,0,0,0,1,0,0,0,0,0,0,0,1,0,,0,2
26 Cedric ITTEN,0,0,0,0,0,1,0,0,0,0,0,0,0,1,0,0,,2
TOTAL_RECEBIDO,39,74,88,23,11,60,77,16,30,18,22,18,19,31,8,3,2,539
