,1 Alexander SCHLAGER,4 Xaver SCHLAGER,5 Stefan POSCH,6 Nicolas SEIWALD,8 David ALABA,9 Marcel SABITZER,14 Sasa KALAJDZIC,15 Philipp LIENHART,16 Phillip MWENE,18 Romano SCHMID,20 Konrad LAIMER,3 Kevin DANSO,7 Marko ARNAUTOVIC,17 Carney CHUKWUEMEKA,21 Patrick WIMMER,24 Paul WANNER,TOTAL_DADO
1 Alexander SCHLAGER,,2,1,1,7,0,0,6,1,0,1,4,0,0,0,0,23
4 Xaver SCHLAGER,1,,2,11,8,2,2,9,7,4,3,0,1,0,0,0,50
5 Stefan POSCH,2,3,,4,1,0,1,12,0,3,0,0,1,0,0,4,31
6 Nicolas SEIWALD,1,9,2,,8,2,4,15,2,5,3,8,1,1,1,0,62
8 David ALABA,1,13,1,5,,6,0,15,9,1,1,0,0,0,0,0,52
9 Marcel SABITZER,0,2,0,2,1,,2,2,5,3,4,3,3,1,0,1,29
14 Sasa KALAJDZIC,0,3,0,1,0,5,,0,0,1,1,0,0,0,0,0,11
15 Philipp LIENHART,7,6,20,12,16,1,0,,1,3,0,5,0,2,2,3,78
16 Phillip MWENE,1,6,0,2,8,1,1,0,,0,1,0,0,0,0,0,20
18 Romano SCHMID,0,1,5,2,0,1,2,2,0,,5,0,0,1,0,2,21
20 Konrad LAIMER,2,1,3,6,1,15,3,0,0,0,,2,0,1,0,2,36
3 Kevin DANSO,2,0,2,3,0,2,0,3,0,0,6,,0,0,0,6,24
7 Marko ARNAUTOVIC,0,1,0,2,0,0,0,0,0,1,1,0,,2,1,1,9
17 Carney CHUKWUEMEKA,0,0,1,0,0,0,0,0,0,1,0,0,1,,3,2,8
21 Patrick WIMMER,0,0,2,0,0,0,0,0,0,0,0,0,1,1,,0,4
24 Paul WANNER,0,0,2,3,0,1,0,7,0,1,4,2,0,2,0,,22
TOTAL_RECEBIDO,17,47,41,54,50,36,15,71,25,23,30,24,8,11,7,21,480
