,1 Matej KOVAR,3 Tomas HOLES,4 Robin HRANAC,5 Vladimir COUFAL,7 Ladislav KREJCI,8 Vladimir DARIDA,9 Adam HLOZEK,10 Patrik SCHICK,12 Lukas CERV,18 Michal SADILEK,24 Alexandr SOJKA,2 David ZIMA,15 Pavel SULC,17 Lukas PROVOD,20 Jaroslav ZELENY,22 Tomas SOUCEK,TOTAL_DADO
1 Matej KOVAR,,3,8,1,4,0,0,1,0,0,0,0,0,0,0,1,18
3 Tomas HOLES,4,,3,4,1,2,4,1,2,0,0,1,0,0,2,1,25
4 Robin HRANAC,3,3,,2,9,0,0,1,2,5,2,2,1,0,0,0,30
5 Vladimir COUFAL,0,1,2,,0,1,0,2,1,1,1,2,0,2,0,3,16
7 Ladislav KREJCI,6,2,5,0,,1,2,1,7,3,9,1,1,0,5,1,44
8 Vladimir DARIDA,1,2,0,0,1,,3,1,0,1,4,0,0,0,0,0,13
9 Adam HLOZEK,0,0,0,0,0,2,,3,0,1,0,0,2,0,0,0,8
10 Patrik SCHICK,0,1,0,3,2,3,2,,3,2,1,0,1,0,0,0,18
12 Lukas CERV,0,3,3,2,8,0,0,0,,0,1,0,1,0,0,1,19
18 Michal SADILEK,0,2,4,2,2,1,2,2,1,,4,0,0,0,0,0,20
24 Alexandr SOJKA,1,0,1,1,7,1,3,1,1,3,,0,0,0,0,0,19
2 David ZIMA,0,3,1,0,0,0,0,1,0,0,0,,0,0,1,0,6
15 Pavel SULC,0,0,1,2,0,0,0,1,1,3,0,0,,1,2,0,11
17 Lukas PROVOD,0,1,0,1,0,0,0,0,0,0,0,0,2,,0,0,4
20 Jaroslav ZELENY,1,0,1,0,2,0,0,0,1,1,0,0,1,0,,0,7
22 Tomas SOUCEK,0,1,0,1,0,0,0,0,1,0,0,0,2,2,1,,8
TOTAL_RECEBIDO,16,22,29,19,36,11,16,15,20,20,22,6,11,5,11,7,266
