,16 Maxime CREPEAU,2 Alistair JOHNSTON,4 Luc DE FOUGEROLLES,6 Mathieu CHOINIERE,9 Cyle LARIN,10 Jonathan DAVID,13 Derek CORNELIUS,17 Tajon BUCHANAN,20 Ali AHMED,22 Richie LARYEA,25 Nathan SALIBA,7 Stephen EUSTAQUIO,11 Liam MILLAR,12 Tani OLUWASEYI,14 Jacob SHAFFELBURG,24 Promise DAVID,TOTAL_DADO
16 Maxime CREPEAU,,0,4,1,1,1,5,0,1,0,0,0,1,0,0,0,14
2 Alistair JOHNSTON,0,,4,0,1,3,1,3,1,0,2,2,0,0,0,1,18
4 Luc DE FOUGEROLLES,1,10,,2,0,1,10,4,0,1,3,3,0,0,0,0,35
6 Mathieu CHOINIERE,0,1,6,,1,2,3,2,4,2,2,0,0,0,0,0,23
9 Cyle LARIN,0,0,0,0,,1,0,2,1,0,0,0,0,0,0,0,4
10 Jonathan DAVID,0,1,0,2,1,,0,4,1,1,1,3,0,1,1,0,16
13 Derek CORNELIUS,2,1,8,5,0,2,,0,2,6,1,4,4,1,0,0,36
17 Tajon BUCHANAN,0,1,0,0,0,5,0,,0,0,4,0,0,0,0,0,10
20 Ali AHMED,0,0,0,2,0,3,1,0,,2,1,0,0,0,0,0,9
22 Richie LARYEA,3,2,0,3,0,0,5,0,1,,3,4,1,3,0,0,25
25 Nathan SALIBA,0,3,2,6,1,6,1,2,2,2,,2,2,0,0,2,31
7 Stephen EUSTAQUIO,0,3,4,0,0,1,2,1,0,6,0,,5,0,0,0,22
11 Liam MILLAR,0,0,0,0,0,0,3,0,0,3,0,2,,0,1,0,9
12 Tani OLUWASEYI,0,0,0,0,0,1,1,0,0,0,0,0,1,,1,0,4
14 Jacob SHAFFELBURG,0,1,0,0,0,1,1,0,0,0,0,0,0,0,,1,4
24 Promise DAVID,0,0,0,0,0,0,0,0,0,1,0,0,0,0,0,,1
TOTAL_RECEBIDO,6,23,28,21,5,27,33,18,13,24,17,20,14,5,3,4,261
