,1 ALISSON,3 GABRIEL MAGALHAES,4 MARQUINHOS,5 CASEMIRO,7 VINICIUS JUNIOR,8 BRUNO GUIMARAES,9 MATHEUS CUNHA,13 DANILO,16 DOUGLAS SANTOS,22 GABRIEL MARTINELLI,26 RAYAN,2 EDERSON SILVA,10 NEYMAR JR,18 DANILO SANTOS,19 ENDRICK,TOTAL_DADO
1 ALISSON,,4,3,0,0,0,0,4,1,1,0,1,0,2,0,16
3 GABRIEL MAGALHAES,6,,7,4,2,2,0,1,7,0,2,0,0,0,0,31
4 MARQUINHOS,0,2,,2,1,1,0,7,1,0,3,0,2,1,0,20
5 CASEMIRO,0,5,1,,3,5,2,3,6,4,3,1,1,0,1,35
7 VINICIUS JUNIOR,0,0,0,4,,2,1,1,3,1,0,0,2,4,1,19
8 BRUNO GUIMARAES,0,0,1,4,2,,2,2,2,4,4,0,0,1,0,22
9 MATHEUS CUNHA,0,0,0,3,2,1,,1,0,0,0,0,0,0,0,7
13 DANILO,0,2,2,4,2,4,2,,0,3,6,2,2,2,1,32
16 DOUGLAS SANTOS,3,6,1,2,9,4,1,0,,1,1,0,0,5,0,33
22 GABRIEL MARTINELLI,1,1,0,3,4,2,2,2,4,,1,0,0,0,1,21
26 RAYAN,0,1,1,2,1,5,0,11,0,0,,0,0,0,0,21
2 EDERSON SILVA,0,0,0,0,0,0,0,2,0,0,0,,0,1,0,3
10 NEYMAR JR,0,0,0,1,3,0,0,1,1,0,0,2,,1,0,9
18 DANILO SANTOS,1,2,2,2,3,0,0,0,2,0,0,0,4,,0,16
19 ENDRICK,1,0,0,0,0,0,0,0,0,0,0,0,0,0,,1
TOTAL_RECEBIDO,12,23,18,31,32,26,10,35,27,14,20,6,11,17,4,286
