,1 Yassine BOUNOU,2 Achraf HAKIMI,4 Sofyan AMRABAT,10 Brahim DIAZ,11 Ismael SAIBARI,18 Chadi RIAD,20 Ayoub EL KAABI,23 Bilal EL KHANNOUSS,24 Neil EL AYNAOUI,25 Redouane HALHAL,26 Anass SALAH EDDINE,3 Noussair MAZRAOUI,8 Azzedine OUNAHI,9 Soufiane RAHIMI,15 Samir EL MOURABET,16 Gessime YASSINE,TOTAL_DADO
1 Yassine BOUNOU,,2,2,0,0,5,0,0,0,5,1,0,0,1,2,0,18
2 Achraf HAKIMI,1,,6,5,4,7,5,10,8,3,3,0,0,0,0,0,52
4 Sofyan AMRABAT,2,8,,1,3,12,0,5,8,13,7,1,2,1,1,1,65
10 Brahim DIAZ,0,8,1,,3,0,0,4,3,0,0,0,0,0,0,0,19
11 Ismael SAIBARI,0,2,6,3,,1,0,4,0,0,2,0,0,0,0,0,18
18 Chadi RIAD,6,0,7,2,0,,0,7,4,15,19,0,0,1,0,0,61
20 Ayoub EL KAABI,0,2,0,0,0,0,,2,3,0,0,0,0,0,0,0,7
23 Bilal EL KHANNOUSS,0,9,5,7,9,3,5,,8,1,7,1,0,2,0,0,57
24 Neil EL AYNAOUI,0,17,10,3,1,2,2,1,,6,3,0,0,2,0,1,48
25 Redouane HALHAL,5,15,7,3,1,7,1,1,4,,3,0,2,0,0,1,50
26 Anass SALAH EDDINE,1,0,10,2,5,15,0,15,2,1,,0,0,0,0,0,51
3 Noussair MAZRAOUI,0,0,1,0,0,0,0,2,0,0,0,,0,0,0,0,3
8 Azzedine OUNAHI,0,0,2,0,0,0,0,1,1,0,0,0,,1,1,1,7
9 Soufiane RAHIMI,0,1,2,0,0,0,0,0,0,0,1,0,0,,0,0,4
15 Samir EL MOURABET,0,0,1,0,0,2,0,0,0,0,0,0,1,0,,1,5
16 Gessime YASSINE,0,3,0,0,0,0,0,0,0,1,1,0,1,0,0,,6
TOTAL_RECEBIDO,15,67,60,26,26,54,13,52,41,45,47,2,6,8,4,5,471
