,22 Orlando MOSQUERA,2 Cesar BLACKMAN,3 Jose CORDOBA,6 Cristian MARTINEZ,7 Jose Luis RODRIGUEZ,11 Edgar Yoel BARCENAS,13 Jiovany RAMOS,14 Carlos HARVEY,16 Andres ANDRADE,18 Cecilio WATERMAN,23 Amir MURILLO,10 Ismael DIAZ,17 Jose FAJARDO,20 Anibal GODOY,24 Azarias LONDONO,TOTAL_DADO
22 Orlando MOSQUERA,,0,10,0,0,1,3,0,10,0,2,1,0,0,0,27
2 Cesar BLACKMAN,0,,3,0,9,5,0,4,9,1,0,2,0,0,0,33
3 Jose CORDOBA,6,0,,1,0,4,36,3,37,0,2,0,0,1,0,90
6 Cristian MARTINEZ,0,0,2,,1,0,3,3,0,2,4,0,0,0,0,15
7 Jose Luis RODRIGUEZ,0,11,0,1,,0,0,1,1,1,0,0,0,0,1,16
11 Edgar Yoel BARCENAS,1,4,7,3,3,,6,8,15,0,1,1,0,1,1,51
13 Jiovany RAMOS,6,1,28,1,0,5,,16,5,1,15,0,0,0,2,80
14 Carlos HARVEY,0,1,5,4,1,9,14,,2,2,5,1,0,1,0,45
16 Andres ANDRADE,3,14,29,1,11,5,4,4,,0,2,1,0,3,2,79
18 Cecilio WATERMAN,0,0,1,1,2,1,0,1,0,,0,0,0,0,0,6
23 Amir MURILLO,2,1,1,4,0,6,11,5,0,0,,0,0,0,3,33
10 Ismael DIAZ,0,1,0,0,0,2,0,2,0,0,0,,1,1,0,7
17 Jose FAJARDO,0,0,0,0,0,0,0,0,0,0,0,0,,0,0,0
20 Anibal GODOY,0,0,0,0,0,4,0,0,3,0,0,1,0,,0,8
24 Azarias LONDONO,0,1,0,0,1,3,0,0,0,0,4,1,1,0,,11
TOTAL_RECEBIDO,18,34,86,16,28,45,77,47,82,7,35,8,2,7,9,501
