,1 Gregor KOBEL,4 Nico ELVEDI,5 Manuel AKANJI,6 Denis ZAKARIA,7 Breel EMBOLO,8 Remo FREULER,10 Granit XHAKA,11 Dan NDOYE,13 Ricardo RODRIGUEZ,17 Ruben VARGAS,20 Michel AEBISCHER,2 Miro MUHEIM,9 Johan MANZAMBI,14 Ardon JASHARI,22 Fabian RIEDER,23 Zeki AMDOUNI,TOTAL_DADO
1 Gregor KOBEL,,7,10,2,0,0,0,1,1,0,1,0,0,0,0,0,22
4 Nico ELVEDI,3,,25,19,1,6,13,3,2,4,7,0,2,4,1,0,90
5 Manuel AKANJI,5,17,,7,2,8,16,0,25,3,3,2,1,0,2,0,91
6 Denis ZAKARIA,1,17,5,,2,6,6,8,1,0,5,0,2,0,2,0,55
7 Breel EMBOLO,0,0,0,2,,1,0,1,0,1,1,0,1,0,0,0,7
8 Remo FREULER,0,6,10,3,0,,7,2,3,8,0,0,3,0,0,0,42
10 Granit XHAKA,0,11,12,9,1,7,,5,8,2,8,1,2,1,0,2,69
11 Dan NDOYE,0,4,0,3,0,0,4,,1,0,4,0,0,0,0,0,16
13 Ricardo RODRIGUEZ,2,3,13,1,1,4,3,0,,20,4,0,0,0,0,2,53
17 Ruben VARGAS,0,1,4,0,0,8,3,0,11,,0,0,0,0,0,0,27
20 Michel AEBISCHER,1,5,0,6,3,1,5,6,2,0,,0,0,0,0,0,29
2 Miro MUHEIM,0,0,1,0,0,0,0,0,0,0,0,,0,2,0,0,3
9 Johan MANZAMBI,0,1,2,2,1,0,1,0,0,0,0,0,,0,1,1,9
14 Ardon JASHARI,0,3,2,1,0,0,0,0,0,0,0,0,0,,0,1,7
22 Fabian RIEDER,0,1,0,1,0,0,1,0,0,1,0,0,1,0,,0,5
23 Zeki AMDOUNI,0,0,0,0,0,2,0,0,0,0,0,0,0,0,1,,3
TOTAL_RECEBIDO,12,76,84,56,11,43,59,26,54,39,33,3,12,7,7,6,528
