,1 Matej KOVAR,4 Robin HRANAC,5 Vladimir COUFAL,6 Stepan CHALOUPEK,7 Ladislav KREJCI,10 Patrik SCHICK,15 Pavel SULC,17 Lukas PROVOD,20 Jaroslav ZELENY,22 Tomas SOUCEK,24 Alexandr SOJKA,9 Adam HLOZEK,13 Mojmir CHYTIL,18 Michal SADILEK,19 Tomas CHORY,TOTAL_DADO
1 Matej KOVAR,,1,2,1,5,0,0,0,1,0,0,0,0,0,0,10
4 Robin HRANAC,6,,3,5,6,0,0,0,1,2,3,1,0,1,0,28
5 Vladimir COUFAL,2,2,,3,0,0,0,3,0,2,3,0,0,1,1,17
6 Stepan CHALOUPEK,0,4,3,,0,1,1,3,0,0,2,0,0,1,0,15
7 Ladislav KREJCI,2,8,1,1,,0,0,3,5,8,2,0,0,0,0,30
10 Patrik SCHICK,0,0,0,0,0,,3,0,0,0,0,0,0,0,0,3
15 Pavel SULC,0,0,3,0,0,0,,3,2,3,2,0,0,0,0,13
17 Lukas PROVOD,1,1,1,1,2,0,1,,5,0,3,0,0,0,0,15
20 Jaroslav ZELENY,0,0,0,2,3,1,2,2,,6,5,0,0,1,0,22
22 Tomas SOUCEK,1,5,3,1,6,0,1,2,3,,2,0,1,0,1,26
24 Alexandr SOJKA,1,4,2,1,3,1,4,2,3,3,,1,0,0,0,25
9 Adam HLOZEK,0,0,0,0,1,0,0,0,0,0,0,,1,0,0,2
13 Mojmir CHYTIL,0,0,0,0,0,0,0,0,0,0,0,0,,2,0,2
18 Michal SADILEK,0,0,1,2,1,0,0,0,0,1,0,1,0,,2,8
19 Tomas CHORY,0,0,1,0,1,0,0,0,0,1,0,0,0,1,,4
TOTAL_RECEBIDO,13,25,20,17,28,3,12,18,20,26,22,3,2,7,4,220
