,1 Thibaut COURTOIS,3 Arthur THEATE,4 Brandon MECHELE,5 Maxim DE CUYPER,7 Kevin DE BRUYNE,8 Youri TIELEMANS,10 Leandro TROSSARD,11 Jeremy DOKU,17 Charles DE KETELAERE,20 Hans VANAKEN,21 Timothy CASTAGNE,9 Romelu LUKAKU,22 Alexis SAELEMAEKERS,23 Nicolas RASKIN,24 Amadou ONANA,26 Matias FERNANDEZ-PARDO,TOTAL_DADO
1 Thibaut COURTOIS,,7,7,3,0,1,1,0,2,2,1,1,0,0,0,0,25
3 Arthur THEATE,11,,13,5,2,3,1,2,0,1,1,0,0,0,0,1,40
4 Brandon MECHELE,9,3,,6,2,3,5,1,5,2,16,0,2,0,1,0,55
5 Maxim DE CUYPER,3,12,1,,7,4,3,7,3,5,2,0,2,0,0,2,51
7 Kevin DE BRUYNE,0,3,6,5,,2,5,5,4,6,2,0,0,0,0,2,40
8 Youri TIELEMANS,2,5,5,5,10,,7,1,6,5,1,0,2,0,2,0,51
10 Leandro TROSSARD,0,2,2,3,5,2,,1,4,4,3,0,0,0,0,1,27
11 Jeremy DOKU,0,1,0,4,4,1,0,,0,3,3,0,0,0,0,0,16
17 Charles DE KETELAERE,0,1,0,1,1,8,2,3,,2,2,0,2,0,0,3,25
20 Hans VANAKEN,1,3,4,8,6,10,4,0,3,,5,1,3,0,1,0,49
21 Timothy CASTAGNE,2,2,7,1,3,8,4,2,4,4,,0,2,1,2,0,42
9 Romelu LUKAKU,0,0,0,0,0,0,0,0,0,2,0,,2,0,0,0,4
22 Alexis SAELEMAEKERS,0,0,1,0,0,1,0,0,0,1,1,1,,4,3,1,13
23 Nicolas RASKIN,0,0,1,2,0,0,0,0,0,1,0,0,0,,0,1,5
24 Amadou ONANA,0,1,3,0,0,1,0,0,0,1,2,0,0,0,,0,8
26 Matias FERNANDEZ-PARDO,0,0,0,3,2,0,0,0,0,1,1,0,2,0,0,,9
TOTAL_RECEBIDO,28,40,50,46,42,44,32,22,31,40,40,3,17,5,9,11,460
