,1 Ronwen WILLIAMS,4 Teboho MOKOENA,6 Aubrey MODIBA,7 Oswin APPOLLIS,10 Relebohile MOFOKENG,12 Thapelo MASEKO,13 Sphephelo SITHOLE,14 Mbekezeli MBOKAZI,17 Evidence MAKGOPA,20 Khuliso MUDAU,21 Ime OKON,5 Thalente MBATHA,8 Tshepang MOREMI,15 Iqraam RAYNERS,TOTAL_DADO
1 Ronwen WILLIAMS,,9,2,1,1,0,2,31,1,2,26,0,0,0,75
4 Teboho MOKOENA,4,,3,4,1,1,4,12,1,1,9,2,0,0,42
6 Aubrey MODIBA,0,6,,5,3,0,1,9,1,0,0,3,0,1,29
7 Oswin APPOLLIS,0,3,6,,1,1,6,1,0,1,0,0,0,1,20
10 Relebohile MOFOKENG,0,1,2,0,,2,3,0,1,0,0,0,0,0,9
12 Thapelo MASEKO,0,3,0,0,0,,3,1,2,1,1,1,0,0,12
13 Sphephelo SITHOLE,5,4,3,2,2,3,,7,0,12,7,2,0,0,47
14 Mbekezeli MBOKAZI,26,13,10,9,1,3,6,,0,0,10,1,1,0,80
17 Evidence MAKGOPA,0,0,0,1,1,2,2,0,,3,1,1,0,0,11
20 Khuliso MUDAU,1,2,0,2,0,5,6,0,2,,16,2,0,0,36
21 Ime OKON,28,5,0,0,2,2,7,17,1,16,,3,0,0,81
5 Thalente MBATHA,2,3,2,2,0,0,2,1,1,1,2,,2,1,19
8 Tshepang MOREMI,0,0,0,0,0,0,0,0,0,1,0,1,,0,2
15 Iqraam RAYNERS,1,0,0,0,0,0,0,0,0,0,0,1,0,,2
TOTAL_RECEBIDO,67,49,28,26,12,19,42,79,10,38,72,17,3,3,465
