,23 Luca ZIDANE,2 Aissa MANDI,6 Ramiz ZERROUKI,7 Riyad MAHREZ,8 Houssem AOUAR,10 Fares CHAIBI,15 Rayan AIT-NOURI,17 Rafik BELGHALI,19 Nabil BENTALEB,21 Ramy BENSEBAINI,22 Ibrahim MAZA,9 Amine GOUIRI,11 Anis HADJ MOUSSA,13 Jaouen HADJAM,14 Hicham BOUDAOUI,20 Adil BOULBINA,TOTAL_DADO
23 Luca ZIDANE,,8,0,1,0,5,2,0,0,10,0,0,0,0,1,0,27
2 Aissa MANDI,6,,6,5,2,2,3,9,8,16,1,0,2,3,2,0,65
6 Ramiz ZERROUKI,1,5,,3,2,0,0,3,7,3,4,0,0,0,0,0,28
7 Riyad MAHREZ,0,3,3,,3,2,1,5,4,2,1,0,0,0,0,0,24
8 Houssem AOUAR,0,1,2,1,,6,2,1,4,0,2,0,0,0,0,0,19
10 Fares CHAIBI,4,6,2,0,2,,7,2,5,11,0,1,2,4,2,1,49
15 Rayan AIT-NOURI,2,1,1,0,5,15,,1,3,7,6,3,0,0,0,2,46
17 Rafik BELGHALI,1,5,2,12,0,0,0,,3,4,3,0,0,0,1,0,31
19 Nabil BENTALEB,2,10,3,3,2,4,6,4,,10,6,0,0,2,0,0,52
21 Ramy BENSEBAINI,7,13,0,0,5,8,19,1,13,,3,0,0,1,0,3,73
22 Ibrahim MAZA,0,1,2,5,3,2,1,4,1,1,,1,1,0,0,1,23
9 Amine GOUIRI,0,0,0,0,0,3,2,0,0,0,0,,0,1,0,0,6
11 Anis HADJ MOUSSA,0,0,0,0,0,0,0,0,0,0,0,0,,1,2,1,4
13 Jaouen HADJAM,0,1,0,0,0,3,2,0,1,2,1,2,0,,0,0,12
14 Hicham BOUDAOUI,0,3,0,0,0,1,1,2,0,0,0,0,4,0,,0,11
20 Adil BOULBINA,0,0,0,0,0,1,1,0,0,0,1,0,1,0,0,,4
TOTAL_RECEBIDO,23,57,21,30,24,52,47,32,49,66,28,7,10,12,8,8,474
