,23 Emiliano MARTINEZ,6 Lisandro MARTINEZ,7 Rodrigo DE PAUL,10 Lionel MESSI,13 Cristian ROMERO,16 Thiago ALMADA,20 Alexis MAC ALLISTER,22 Lautaro MARTINEZ,24 Enzo FERNANDEZ,25 Facundo MEDINA,26 Nahuel MOLINA,3 Nicolas TAGLIAFICO,5 Leandro PAREDES,9 Julian ALVAREZ,15 Nico GONZALEZ,19 Nicolas OTAMENDI,TOTAL_DADO
23 Emiliano MARTINEZ,,9,0,1,5,0,1,0,1,0,0,0,0,0,1,2,20
6 Lisandro MARTINEZ,7,,1,2,11,3,6,1,14,17,1,0,0,1,1,5,70
7 Rodrigo DE PAUL,0,2,,6,10,1,11,0,2,0,8,0,0,1,0,4,45
10 Lionel MESSI,0,3,1,,0,4,6,0,6,0,6,0,0,2,1,0,29
13 Cristian ROMERO,3,14,10,0,,2,6,0,4,0,6,0,0,0,0,0,45
16 Thiago ALMADA,0,2,0,8,1,,9,1,6,7,0,0,0,0,0,0,34
20 Alexis MAC ALLISTER,1,7,15,9,8,4,,2,5,2,4,0,1,0,0,5,63
22 Lautaro MARTINEZ,0,0,1,3,0,2,1,,1,0,0,0,0,0,0,0,8
24 Enzo FERNANDEZ,2,10,7,6,4,8,3,2,,14,2,1,3,0,0,1,63
25 Facundo MEDINA,0,8,0,0,1,8,4,1,15,,0,0,0,2,3,0,42
26 Nahuel MOLINA,2,1,11,4,1,3,5,0,0,0,,0,2,0,0,3,32
3 Nicolas TAGLIAFICO,0,0,0,0,0,0,0,0,0,0,0,,0,0,1,0,1
5 Leandro PAREDES,0,2,0,1,0,0,1,0,2,0,2,0,,0,0,1,9
9 Julian ALVAREZ,0,0,0,2,0,0,0,0,3,0,0,0,0,,2,1,8
15 Nico GONZALEZ,0,0,0,0,0,0,0,0,2,3,0,0,0,0,,0,5
19 Nicolas OTAMENDI,2,4,3,1,0,0,4,0,2,2,7,0,0,0,0,,25
TOTAL_RECEBIDO,17,62,49,43,41,35,57,7,63,45,36,1,6,6,9,22,499
