,1 Matt TURNER,6 Auston TRUSTY,7 Giovanni REYNA,8 Weston McKENNIE,9 Ricardo PEPI,11 Brenden AARONSON,12 Miles ROBINSON,14 Sebastian BERHALTER,21 Timothy WEAH,22 Mark McKENZIE,23 Joe SCALLY,TOTAL_DADO
1 Matt TURNER,,1,1,2,0,0,4,4,1,8,3,24
6 Auston TRUSTY,2,,3,0,2,0,2,2,11,8,0,30
7 Giovanni REYNA,0,4,,5,3,8,5,6,11,0,3,45
8 Weston McKENNIE,0,1,6,,2,8,2,3,2,5,10,39
9 Ricardo PEPI,0,0,2,3,,0,1,4,1,0,1,12
11 Brenden AARONSON,0,2,4,5,0,,1,3,3,2,6,26
12 Miles ROBINSON,6,0,3,10,1,0,,8,1,13,12,54
14 Sebastian BERHALTER,2,3,11,8,1,11,4,,10,4,2,56
21 Timothy WEAH,0,9,3,2,5,3,0,4,,1,0,27
22 Mark McKENZIE,4,12,1,4,3,0,12,8,2,,1,47
23 Joe SCALLY,4,0,7,6,0,7,10,4,0,2,,40
TOTAL_RECEBIDO,18,32,41,45,17,37,41,46,42,43,38,400
