,1 Raul RANGEL,2 Jorge SANCHEZ,3 Cesar MONTES,5 Johan VASQUEZ,6 Erik LIRA,7 Luis ROMO,9 Raul JIMENEZ,16 Julian QUINONES,19 Gilberto MORA,23 Jesus GALLARDO,25 Roberto ALVARADO,TOTAL_DADO
1 Raul RANGEL,,3,5,7,2,1,1,0,0,1,0,20
2 Jorge SANCHEZ,1,,2,0,1,0,3,0,4,0,4,15
3 Cesar MONTES,4,3,,5,0,1,1,2,1,1,3,21
5 Johan VASQUEZ,13,1,3,,4,3,1,5,2,5,0,37
6 Erik LIRA,0,2,6,5,,5,1,1,7,0,4,31
7 Luis ROMO,0,3,2,3,2,,3,3,4,0,2,22
9 Raul JIMENEZ,0,0,0,0,1,1,,4,4,0,2,12
16 Julian QUINONES,0,0,0,0,4,3,1,,3,3,4,18
19 Gilberto MORA,0,2,2,1,4,1,6,3,,3,4,26
23 Jesus GALLARDO,1,0,0,3,1,2,2,3,0,,0,12
25 Roberto ALVARADO,0,4,2,1,5,4,3,1,2,1,,23
TOTAL_RECEBIDO,19,18,22,25,24,21,22,22,27,14,23,237
