,22 Orlando MOSQUERA,2 Cesar BLACKMAN,3 Jose CORDOBA,6 Cristian MARTINEZ,7 Jose Luis RODRIGUEZ,11 Edgar Yoel BARCENAS,13 Jiovany RAMOS,14 Carlos HARVEY,16 Andres ANDRADE,18 Cecilio WATERMAN,23 Amir MURILLO,TOTAL_DADO
22 Orlando MOSQUERA,,0,10,0,1,1,3,0,10,0,2,27
2 Cesar BLACKMAN,0,,3,0,12,9,0,4,12,1,0,41
3 Jose CORDOBA,6,1,,1,0,4,36,3,37,0,2,90
6 Cristian MARTINEZ,0,1,2,,3,3,3,3,0,3,8,26
7 Jose Luis RODRIGUEZ,0,13,0,2,,2,0,3,1,2,0,23
11 Edgar Yoel BARCENAS,1,5,7,4,4,,6,8,15,0,1,51
13 Jiovany RAMOS,6,1,28,3,0,5,,16,5,1,15,80
14 Carlos HARVEY,0,2,5,4,2,9,14,,2,2,5,45
16 Andres ANDRADE,3,17,29,3,12,5,4,4,,0,2,79
18 Cecilio WATERMAN,0,0,1,1,2,1,0,1,0,,0,6
23 Amir MURILLO,2,1,1,7,0,6,11,5,0,0,,33
TOTAL_RECEBIDO,18,41,86,25,36,45,77,47,82,9,35,501
