,12 Orlando GILL,3 Omar ALDERETE,4 Juan Jose CACERES,6 Junior ALONSO,8 Diego GOMEZ,9 Antonio SANABRIA,10 Miguel ALMIRON,14 Andres CUBAS,15 Gustavo GOMEZ,16 Damian BOBADILLA,19 Julio ENCISO,TOTAL_DADO
12 Orlando GILL,,7,3,1,1,1,1,0,2,0,0,16
3 Omar ALDERETE,3,,0,7,0,3,0,0,1,4,1,19
4 Juan Jose CACERES,1,0,,0,5,2,3,1,8,0,1,21
6 Junior ALONSO,3,3,0,,3,0,3,2,2,3,6,25
8 Diego GOMEZ,1,1,3,1,,2,7,5,1,4,4,29
9 Antonio SANABRIA,0,0,1,1,4,,0,0,0,1,1,8
10 Miguel ALMIRON,0,2,6,1,2,2,,3,1,1,3,21
14 Andres CUBAS,1,1,1,3,3,0,1,,1,8,4,23
15 Gustavo GOMEZ,1,9,8,0,0,1,0,1,,0,0,20
16 Damian BOBADILLA,0,0,2,8,4,0,2,3,2,,2,23
19 Julio ENCISO,0,0,1,1,3,3,4,2,0,5,,19
TOTAL_RECEBIDO,10,23,25,23,25,14,21,17,18,26,22,224
