,1 Raul RANGEL,3 Cesar MONTES,5 Johan VASQUEZ,6 Erik LIRA,8 Alvaro FIDALGO,9 Raul JIMENEZ,15 Israel REYES,16 Julian QUINONES,23 Jesus GALLARDO,25 Roberto ALVARADO,26 Brian GUTIERREZ,TOTAL_DADO
1 Raul RANGEL,,6,8,4,0,2,2,1,3,1,0,27
3 Cesar MONTES,4,,18,7,4,2,11,2,3,0,9,60
5 Johan VASQUEZ,12,17,,12,9,0,3,4,13,0,7,77
6 Erik LIRA,1,7,15,,8,1,8,4,2,7,3,56
8 Alvaro FIDALGO,1,1,3,9,,3,1,8,7,4,8,45
9 Raul JIMENEZ,0,0,0,0,3,,1,6,1,3,1,15
15 Israel REYES,2,14,2,5,3,1,,3,2,6,2,40
16 Julian QUINONES,0,2,3,3,6,3,0,,6,3,12,38
23 Jesus GALLARDO,0,1,10,5,4,0,1,3,,0,8,32
25 Roberto ALVARADO,1,1,0,5,6,4,9,0,0,,5,31
26 Brian GUTIERREZ,0,3,8,4,3,1,6,12,7,5,,49
TOTAL_RECEBIDO,21,52,67,54,46,17,42,43,44,29,55,470
