,23 MOSTAFA SHOUBIR,2 YASSER IBRAHIM,3 MOHAMED HANY,8 EMAM ASHOUR,10 MOHAMED SALAH,11 MOSTAFA ZICO,13 AHMED FATOUH,14 HAMDY FATHY,17 MOHANAD LASHIN,19 MARAWAN ATTIA,22 OMAR MARMOUSH,TOTAL_DADO
23 MOSTAFA SHOUBIR,,8,0,3,1,0,2,3,0,1,0,18
2 YASSER IBRAHIM,8,,5,7,0,2,1,12,1,11,0,47
3 MOHAMED HANY,0,5,,0,2,11,1,3,2,3,0,27
8 EMAM ASHOUR,1,8,0,,3,0,10,1,2,7,4,36
10 MOHAMED SALAH,0,0,2,2,,6,0,2,0,4,4,20
11 MOSTAFA ZICO,0,1,8,0,4,,0,0,2,3,1,19
13 AHMED FATOUH,1,1,0,8,1,1,,10,6,4,3,35
14 HAMDY FATHY,2,11,2,1,0,2,12,,4,3,2,39
17 MOHANAD LASHIN,0,5,4,3,1,3,5,3,,0,0,24
19 MARAWAN ATTIA,1,6,6,5,5,7,4,1,3,,2,40
22 OMAR MARMOUSH,0,0,1,3,4,1,0,1,1,1,,12
TOTAL_RECEBIDO,13,45,28,32,21,33,35,36,21,37,16,317
