,23 Ugurcan CAKIR,2 Zeki CELIK,5 Salih OZCAN,6 Orkun KOKCU,8 Arda GULER,11 Kenan YILDIZ,13 Eren ELMALI,14 Abdulkerim BARDAKCI,15 Ozan KABAK,21 Baris Alper YILMAZ,24 Oguz AYDIN,TOTAL_DADO
23 Ugurcan CAKIR,,3,1,0,0,1,3,13,5,1,0,27
2 Zeki CELIK,11,,1,2,3,0,1,2,4,1,9,34
5 Salih OZCAN,1,1,,5,8,3,6,3,4,0,4,35
6 Orkun KOKCU,1,0,2,,3,4,4,1,1,4,4,24
8 Arda GULER,0,6,4,4,,11,4,1,0,1,9,40
11 Kenan YILDIZ,0,0,3,4,6,,9,1,2,0,1,26
13 Eren ELMALI,3,2,5,4,2,6,,7,2,0,0,31
14 Abdulkerim BARDAKCI,10,3,1,3,3,4,7,,3,0,3,37
15 Ozan KABAK,4,5,1,2,0,1,0,6,,3,4,26
21 Baris Alper YILMAZ,0,1,2,2,2,0,0,1,3,,2,13
24 Oguz AYDIN,1,10,5,4,8,0,0,0,1,6,,35
TOTAL_RECEBIDO,31,31,25,30,35,30,34,35,25,16,36,328
