,13 Egil SELVIK,4 Leo OSTIGARD,6 Patrick BERG,11 Jorgen STRAND LARSEN,14 Fredrik AURSNES,15 Fredrik Andre BJORKAN,18 Kristian THORSTVEDT,19 Thelo AASGAARD,21 Andreas SCHJELDERUP,22 Oscar BOBB,25 Henrik FALCHENER,TOTAL_DADO
13 Egil SELVIK,,6,0,2,1,1,1,1,1,0,3,16
4 Leo OSTIGARD,4,,10,3,5,7,4,9,2,0,6,50
6 Patrick BERG,0,14,,2,9,7,5,4,3,4,2,50
11 Jorgen STRAND LARSEN,0,0,5,,1,0,1,4,3,2,0,16
14 Fredrik AURSNES,3,2,11,2,,0,7,3,1,10,7,46
15 Fredrik Andre BJORKAN,0,11,4,1,0,,1,6,6,0,0,29
18 Kristian THORSTVEDT,0,3,2,1,7,2,,2,0,5,3,25
19 Thelo AASGAARD,0,3,4,4,2,4,2,,11,6,1,37
21 Andreas SCHJELDERUP,0,4,2,4,1,6,0,4,,3,0,24
22 Oscar BOBB,1,1,4,1,8,0,6,3,1,,2,27
25 Henrik FALCHENER,5,5,1,0,12,0,0,2,1,1,,27
TOTAL_RECEBIDO,13,49,43,20,46,27,27,38,29,31,24,347
