,1 Matej KOVAR,3 Tomas HOLES,4 Robin HRANAC,5 Vladimir COUFAL,7 Ladislav KREJCI,8 Vladimir DARIDA,9 Adam HLOZEK,10 Patrik SCHICK,12 Lukas CERV,18 Michal SADILEK,24 Alexandr SOJKA,TOTAL_DADO
1 Matej KOVAR,,3,8,1,4,0,0,1,0,1,0,18
3 Tomas HOLES,4,,3,4,1,2,4,1,3,1,2,25
4 Robin HRANAC,3,3,,2,9,1,0,1,4,5,2,30
5 Vladimir COUFAL,0,1,2,,0,1,2,2,3,4,1,16
7 Ladislav KREJCI,6,2,5,0,,2,2,1,8,4,14,44
8 Vladimir DARIDA,1,2,1,2,1,,4,2,1,4,6,24
9 Adam HLOZEK,0,1,0,1,0,6,,3,0,1,0,12
10 Patrik SCHICK,0,1,0,3,2,4,2,,3,2,1,18
12 Lukas CERV,0,6,4,2,8,1,0,1,,1,2,25
18 Michal SADILEK,0,3,4,3,2,3,4,2,2,,5,28
24 Alexandr SOJKA,2,0,2,1,9,2,3,1,2,4,,26
TOTAL_RECEBIDO,16,22,29,19,36,22,21,15,26,27,33,266
