,1 Orjan NYLAND,3 Kristoffer AJER,5 David MOLLER WOLFE,6 Patrick BERG,7 Alexander SORLOTH,8 Sander BERGE,9 Erling HAALAND,10 Martin ODEGAARD,17 Torbjorn HEGGEM,21 Andreas SCHJELDERUP,26 Julian RYERSON,TOTAL_DADO
1 Orjan NYLAND,,3,2,1,2,3,0,3,8,0,0,22
3 Kristoffer AJER,4,,0,3,3,11,0,7,9,2,7,46
5 David MOLLER WOLFE,1,2,,4,0,6,0,4,6,6,1,30
6 Patrick BERG,0,2,7,,2,7,1,9,0,3,3,34
7 Alexander SORLOTH,0,2,2,2,,5,2,10,0,2,11,36
8 Sander BERGE,6,12,5,7,7,,0,33,14,9,10,103
9 Erling HAALAND,0,0,0,1,1,3,,2,0,1,0,8
10 Martin ODEGAARD,4,3,5,5,10,28,1,,5,3,15,79
17 Torbjorn HEGGEM,9,9,10,1,0,13,1,6,,4,1,54
21 Andreas SCHJELDERUP,0,0,3,4,1,6,2,2,3,,2,23
26 Julian RYERSON,3,9,1,1,11,10,2,7,2,5,,51
TOTAL_RECEBIDO,27,42,35,29,37,92,9,83,47,35,50,486
