,1 MAHMOUD ABUNADA,2 PEDRO MIGUEL,4 ISSA LAYE,5 JASSEM GABER,8 EDMILSON JUNIOR,10 HASSAN ALHAYDOS,11 AKRAM AFIF,12 KARIM BOUDIAF,16 BOUALEM KHOUKHI,18 SULTAN ALBRAKE,20 AHMED FATHY,TOTAL_DADO
1 MAHMOUD ABUNADA,,1,1,0,0,0,1,5,6,1,1,16
2 PEDRO MIGUEL,1,,4,4,2,1,1,0,7,0,7,27
4 ISSA LAYE,7,5,,5,1,1,1,4,3,9,6,42
5 JASSEM GABER,0,8,6,,2,1,6,7,4,2,4,40
8 EDMILSON JUNIOR,0,1,1,1,,0,6,1,2,3,1,16
10 HASSAN ALHAYDOS,1,4,1,0,0,,2,2,1,3,0,14
11 AKRAM AFIF,0,5,2,10,4,7,,4,3,3,5,43
12 KARIM BOUDIAF,0,3,6,7,3,1,7,,6,3,10,46
16 BOUALEM KHOUKHI,9,0,7,8,2,2,7,7,,1,7,50
18 SULTAN ALBRAKE,3,0,2,1,7,3,6,2,1,,3,28
20 AHMED FATHY,2,6,5,6,1,0,5,14,4,5,,48
TOTAL_RECEBIDO,23,33,35,42,22,16,42,46,37,30,44,370
